漏洞标题,CNVD-ID,公开日期,危害级别,影响产品,CVE-ID,漏洞描述,漏洞类型,参考链接,漏洞解决方案,厂商补丁,验证信息,报送时间,收录时间,更新时间,漏洞附件
Samsung Account访问控制错误漏洞,CNVD-2022-65628,2022/9/26,"['\r\n\t\t\t\t\t\t\t\t\t\t\r\n\t\t\t\t\t\t\t\t\t\t\t \r\n\t\t\t\t\t\t\t\t\t\t\t \t\r\n\t\t\t\t\t\t\t\t\t\t\t\t', '\r\n\t\t\t\t\t\t\t\t\t\t\t\t\r\n\t\t\t\t\t\t\t\t\t\t\t\t低\r\n\t\t\t\t\t\t\t\t\t\t\t\t\r\n\t\t\t\t\t\t\t\t\t\t\t\t\r\n\t\t\t\t\t\t\t\t\t\t\t\t\t(', ')\r\n\t\t\t\t\t\t\t\t\t\t\t\t\r\n\t\t\t\t\t\t\t\t\t\t\t \r\n\t\t\t\t\t\t\t\t\t\t']",Samsung Account <13.1.0.1,http://cve.mitre.org/cgi-bin/cvename.cgi?name=CVE-2022-25825,Samsung Account是韩国三星（Samsung）公司的一个手机账户。Samsung Account 13.1.0.1之前版本存在访问控制错误漏洞，该漏洞源于网络系统或产品未正确限制来自未授权角色的资源访问。攻击者可利用此漏洞访问登录的验证码来进行登录。,通用型漏洞,,"['\r\n\t\t\t\t\t\t\t\t\t\t\t\r\n\t\t\t\t\t\t\t\t\t\t\t\r\n\t\t\t\t\t\t\t\t\t\t\t\t厂商已发布了漏洞修复程序，请及时关注更新：\r', '\r\n\t\t\t\t\t\t\t\t\t\t\t\r\n\t\t\t\t\t\t\t\t\t\t\t\thttps://security.samsungmobile.com/serviceWeb.smsb?year=2022&month=3', '\r\n\t\t\t\t\t\t\t\t\t\t\t\r\n\t\t\t\t\t\t\t\t\t\t']",https://www.cnvd.org.cn/patchInfo/show/353066,(暂无验证信息),2022/3/14,2022/9/26,2022/9/26,(无附件)
Samsung ApkInstaller授权问题漏洞,CNVD-2022-65627,2022/9/26,"['\r\n\t\t\t\t\t\t\t\t\t\t\r\n\t\t\t\t\t\t\t\t\t\t\t \r\n\t\t\t\t\t\t\t\t\t\t\t \t\r\n\t\t\t\t\t\t\t\t\t\t\t\t\t', '\r\n\t\t\t\t\t\t\t\t\t\t\t\t\r\n\t\t\t\t\t\t\t\t\t\t\t\t中\r\n\t\t\t\t\t\t\t\t\t\t\t\t\r\n\t\t\t\t\t\t\t\t\t\t\t\t\r\n\t\t\t\t\t\t\t\t\t\t\t\t\t(', ')\r\n\t\t\t\t\t\t\t\t\t\t\t\t\r\n\t\t\t\t\t\t\t\t\t\t\t \r\n\t\t\t\t\t\t\t\t\t\t']",Samsung ApkInstaller Q(10),http://cve.mitre.org/cgi-bin/cvename.cgi?name=CVE-2022-24931,Samsung ApkInstaller是韩国三星（Samsung）公司的一个工具。用于从Android存储卡安装Apk文件。Samsung ApkInstaller中的动态接收器存在授权问题漏洞，该漏洞源于网络系统或产品中缺少身份验证措施或身份验证强度不足。未经授权的攻击者可利用此漏洞在未经适当许可的情况下执行任意操作。,通用型漏洞,,"['\r\n\t\t\t\t\t\t\t\t\t\t\t\r\n\t\t\t\t\t\t\t\t\t\t\t\r\n\t\t\t\t\t\t\t\t\t\t\t\t厂商已发布了漏洞修复程序，请及时关注更新：\r', '\r\n\t\t\t\t\t\t\t\t\t\t\t\r\n\t\t\t\t\t\t\t\t\t\t\t\thttps://security.samsungmobile.com/securityUpdate.smsb?year=2022&month=3', '\r\n\t\t\t\t\t\t\t\t\t\t\t\r\n\t\t\t\t\t\t\t\t\t\t']",https://www.cnvd.org.cn/patchInfo/show/353076,(暂无验证信息),2022/3/14,2022/9/26,2022/9/26,(无附件)
Bentley MicroStation CONNECT代码执行漏洞（CNVD-2022-65626）,CNVD-2022-65626,2022/9/26,"['\r\n\t\t\t\t\t\t\t\t\t\t\r\n\t\t\t\t\t\t\t\t\t\t\t \r\n\t\t\t\t\t\t\t\t\t\t\t \t\r\n\t\t\t\t\t\t\t\t\t\t\t\t\t', '\r\n\t\t\t\t\t\t\t\t\t\t\t\t\r\n\t\t\t\t\t\t\t\t\t\t\t\t中\r\n\t\t\t\t\t\t\t\t\t\t\t\t\r\n\t\t\t\t\t\t\t\t\t\t\t\t\r\n\t\t\t\t\t\t\t\t\t\t\t\t\t(', ')\r\n\t\t\t\t\t\t\t\t\t\t\t\t\r\n\t\t\t\t\t\t\t\t\t\t\t \r\n\t\t\t\t\t\t\t\t\t\t']",bentley MicroStation <10.16.02,http://cve.mitre.org/cgi-bin/cvename.cgi?name=CVE-2021-46567,Bentley MicroStation CONNECT是一个用于二维和三维设计和绘图的Cad软件平台。Bentley MicroStation CONNECT存在代码执行漏洞，攻击者可利用该漏洞在当前进程的上下文中执行任意代码。,通用型漏洞,,"['\r\n\t\t\t\t\t\t\t\t\t\t\t\r\n\t\t\t\t\t\t\t\t\t\t\t\r\n\t\t\t\t\t\t\t\t\t\t\t\t目前厂商已发布升级补丁以修复漏洞，补丁获取链接： \r', '\r\n\t\t\t\t\t\t\t\t\t\t\t\r\n\t\t\t\t\t\t\t\t\t\t\t\thttps://www.bentley.com/en/common-vulnerability-exposure/BE-2021-0005', '\r\n\t\t\t\t\t\t\t\t\t\t\t\r\n\t\t\t\t\t\t\t\t\t\t']",https://www.cnvd.org.cn/patchInfo/show/353126,(暂无验证信息),2022/3/31,2022/9/26,2022/9/26,(无附件)
Schneider Electric ConneXium Network Manager Software拒绝服务漏洞,CNVD-2022-65618,2022/9/26,"['\r\n\t\t\t\t\t\t\t\t\t\t\r\n\t\t\t\t\t\t\t\t\t\t\t \r\n\t\t\t\t\t\t\t\t\t\t\t \t\r\n\t\t\t\t\t\t\t\t\t\t\t\t\t', '\r\n\t\t\t\t\t\t\t\t\t\t\t\t\r\n\t\t\t\t\t\t\t\t\t\t\t\t中\r\n\t\t\t\t\t\t\t\t\t\t\t\t\r\n\t\t\t\t\t\t\t\t\t\t\t\t\r\n\t\t\t\t\t\t\t\t\t\t\t\t\t(', ')\r\n\t\t\t\t\t\t\t\t\t\t\t\t\r\n\t\t\t\t\t\t\t\t\t\t\t \r\n\t\t\t\t\t\t\t\t\t\t']",Schneider Electric ConneXium Network Manager Software <=03.23,http://cve.mitre.org/cgi-bin/cvename.cgi?name=CVE-2021-30063,Schneider Electric ConneXium Network Manager Software是法国施耐德电气（Schneider Electric）公司的一个工业以太网网络管理软件。Schneider Electric ConneXium Network Manager Software03.23及之前版本存在拒绝服务漏洞，该漏洞源于未对输入的错误消息做正确的处理，攻击者可利用该漏洞通过精心制作的OPC packets导致OPC enforcer发生拒绝服务。,通用型漏洞,,"['\r\n\t\t\t\t\t\t\t\t\t\t\t\r\n\t\t\t\t\t\t\t\t\t\t\t\r\n\t\t\t\t\t\t\t\t\t\t\t\t厂商已发布了漏洞修复程序，请及时关注更新：\r', '\r\n\t\t\t\t\t\t\t\t\t\t\t\r\n\t\t\t\t\t\t\t\t\t\t\t\thttps://download.schneider-electric.com/files?p_Doc_Ref=SEVD-2022-011-05', '\r\n\t\t\t\t\t\t\t\t\t\t\t\r\n\t\t\t\t\t\t\t\t\t\t']",https://www.cnvd.org.cn/patchInfo/show/353111,(暂无验证信息),2022/4/7,2022/9/26,2022/9/26,(无附件)
Bentley MicroStation CONNECT代码执行漏洞（CNVD-2022-65625）,CNVD-2022-65625,2022/9/26,"['\r\n\t\t\t\t\t\t\t\t\t\t\r\n\t\t\t\t\t\t\t\t\t\t\t \r\n\t\t\t\t\t\t\t\t\t\t\t \t\r\n\t\t\t\t\t\t\t\t\t\t\t\t\t', '\r\n\t\t\t\t\t\t\t\t\t\t\t\t\r\n\t\t\t\t\t\t\t\t\t\t\t\t中\r\n\t\t\t\t\t\t\t\t\t\t\t\t\r\n\t\t\t\t\t\t\t\t\t\t\t\t\r\n\t\t\t\t\t\t\t\t\t\t\t\t\t(', ')\r\n\t\t\t\t\t\t\t\t\t\t\t\t\r\n\t\t\t\t\t\t\t\t\t\t\t \r\n\t\t\t\t\t\t\t\t\t\t']",bentley MicroStation <10.16.02,http://cve.mitre.org/cgi-bin/cvename.cgi?name=CVE-2021-46573,Bentley MicroStation CONNECT是一个用于二维和三维设计和绘图的Cad软件平台。Bentley MicroStation CONNECT存在代码执行漏洞，攻击者可利用该漏洞在系统上执行任意代码。,通用型漏洞,,"['\r\n\t\t\t\t\t\t\t\t\t\t\t\r\n\t\t\t\t\t\t\t\t\t\t\t\r\n\t\t\t\t\t\t\t\t\t\t\t\t目前厂商已发布升级补丁以修复漏洞，补丁获取链接： \r', '\r\n\t\t\t\t\t\t\t\t\t\t\t\r\n\t\t\t\t\t\t\t\t\t\t\t\thttps://www.bentley.com/en/common-vulnerability-exposure/BE-2021-0005', '\r\n\t\t\t\t\t\t\t\t\t\t\t\r\n\t\t\t\t\t\t\t\t\t\t']",https://www.cnvd.org.cn/patchInfo/show/353131,(暂无验证信息),2022/3/31,2022/9/26,2022/9/26,(无附件)
Bentley MicroStation CONNECT代码执行漏洞（CNVD-2022-65624）,CNVD-2022-65624,2022/9/26,"['\r\n\t\t\t\t\t\t\t\t\t\t\r\n\t\t\t\t\t\t\t\t\t\t\t \r\n\t\t\t\t\t\t\t\t\t\t\t \t\r\n\t\t\t\t\t\t\t\t\t\t\t\t\t', '\r\n\t\t\t\t\t\t\t\t\t\t\t\t\r\n\t\t\t\t\t\t\t\t\t\t\t\t中\r\n\t\t\t\t\t\t\t\t\t\t\t\t\r\n\t\t\t\t\t\t\t\t\t\t\t\t\r\n\t\t\t\t\t\t\t\t\t\t\t\t\t(', ')\r\n\t\t\t\t\t\t\t\t\t\t\t\t\r\n\t\t\t\t\t\t\t\t\t\t\t \r\n\t\t\t\t\t\t\t\t\t\t']",bentley MicroStation <10.16.02,http://cve.mitre.org/cgi-bin/cvename.cgi?name=CVE-2021-46579,Bentley MicroStation CONNECT是一个用于二维和三维设计和绘图的Cad软件平台。Bentley MicroStation CONNECT存在代码执行漏洞，攻击者可利用该漏洞在当前进程的上下文中执行任意代码。,通用型漏洞,,"['\r\n\t\t\t\t\t\t\t\t\t\t\t\r\n\t\t\t\t\t\t\t\t\t\t\t\r\n\t\t\t\t\t\t\t\t\t\t\t\t目前厂商已发布升级补丁以修复漏洞，补丁获取链接： \r', '\r\n\t\t\t\t\t\t\t\t\t\t\t\r\n\t\t\t\t\t\t\t\t\t\t\t\thttps://www.bentley.com/en/common-vulnerability-exposure/BE-2021-0005', '\r\n\t\t\t\t\t\t\t\t\t\t\t\r\n\t\t\t\t\t\t\t\t\t\t']",https://www.cnvd.org.cn/patchInfo/show/353136,(暂无验证信息),2022/3/31,2022/9/26,2022/9/26,(无附件)
Bentley MicroStation CONNECT代码执行漏洞（CNVD-2022-65623）,CNVD-2022-65623,2022/9/26,"['\r\n\t\t\t\t\t\t\t\t\t\t\r\n\t\t\t\t\t\t\t\t\t\t\t \r\n\t\t\t\t\t\t\t\t\t\t\t \t\r\n\t\t\t\t\t\t\t\t\t\t\t\t\t', '\r\n\t\t\t\t\t\t\t\t\t\t\t\t\r\n\t\t\t\t\t\t\t\t\t\t\t\t中\r\n\t\t\t\t\t\t\t\t\t\t\t\t\r\n\t\t\t\t\t\t\t\t\t\t\t\t\r\n\t\t\t\t\t\t\t\t\t\t\t\t\t(', ')\r\n\t\t\t\t\t\t\t\t\t\t\t\t\r\n\t\t\t\t\t\t\t\t\t\t\t \r\n\t\t\t\t\t\t\t\t\t\t']",bentley MicroStation <10.16.02,http://cve.mitre.org/cgi-bin/cvename.cgi?name=CVE-2021-46578,Bentley MicroStation CONNECT是一个用于二维和三维设计和绘图的Cad软件平台。Bentley MicroStation CONNECT存在代码执行漏洞，攻击者可利用该漏洞在当前进程的上下文中执行任意代码。,通用型漏洞,,"['\r\n\t\t\t\t\t\t\t\t\t\t\t\r\n\t\t\t\t\t\t\t\t\t\t\t\r\n\t\t\t\t\t\t\t\t\t\t\t\t目前厂商已发布升级补丁以修复漏洞，补丁获取链接： \r', '\r\n\t\t\t\t\t\t\t\t\t\t\t\r\n\t\t\t\t\t\t\t\t\t\t\t\thttps://www.bentley.com/en/common-vulnerability-exposure/BE-2021-0005', '\r\n\t\t\t\t\t\t\t\t\t\t\t\r\n\t\t\t\t\t\t\t\t\t\t']",https://www.cnvd.org.cn/patchInfo/show/353141,(暂无验证信息),2022/3/31,2022/9/26,2022/9/26,(无附件)
Bentley MicroStation CONNECT代码执行漏洞（CNVD-2022-65622）,CNVD-2022-65622,2022/9/26,"['\r\n\t\t\t\t\t\t\t\t\t\t\r\n\t\t\t\t\t\t\t\t\t\t\t \r\n\t\t\t\t\t\t\t\t\t\t\t \t\r\n\t\t\t\t\t\t\t\t\t\t\t\t\t', '\r\n\t\t\t\t\t\t\t\t\t\t\t\t\r\n\t\t\t\t\t\t\t\t\t\t\t\t中\r\n\t\t\t\t\t\t\t\t\t\t\t\t\r\n\t\t\t\t\t\t\t\t\t\t\t\t\r\n\t\t\t\t\t\t\t\t\t\t\t\t\t(', ')\r\n\t\t\t\t\t\t\t\t\t\t\t\t\r\n\t\t\t\t\t\t\t\t\t\t\t \r\n\t\t\t\t\t\t\t\t\t\t']",bentley MicroStation <10.16.02,http://cve.mitre.org/cgi-bin/cvename.cgi?name=CVE-2021-46580,Bentley MicroStation CONNECT是一个用于二维和三维设计和绘图的Cad软件平台。Bentley MicroStation CONNECT存在代码执行漏洞，攻击者可利用该漏洞在当前进程的上下文中执行任意代码。,通用型漏洞,,"['\r\n\t\t\t\t\t\t\t\t\t\t\t\r\n\t\t\t\t\t\t\t\t\t\t\t\r\n\t\t\t\t\t\t\t\t\t\t\t\t目前厂商已发布升级补丁以修复漏洞，补丁获取链接： \r', '\r\n\t\t\t\t\t\t\t\t\t\t\t\r\n\t\t\t\t\t\t\t\t\t\t\t\thttps://www.bentley.com/en/common-vulnerability-exposure/BE-2021-0005', '\r\n\t\t\t\t\t\t\t\t\t\t\t\r\n\t\t\t\t\t\t\t\t\t\t']",https://www.cnvd.org.cn/patchInfo/show/353146,(暂无验证信息),2022/3/31,2022/9/26,2022/9/26,(无附件)
Bentley MicroStation CONNECT代码执行漏洞（CNVD-2022-65621）,CNVD-2022-65621,2022/9/26,"['\r\n\t\t\t\t\t\t\t\t\t\t\r\n\t\t\t\t\t\t\t\t\t\t\t \r\n\t\t\t\t\t\t\t\t\t\t\t \t\r\n\t\t\t\t\t\t\t\t\t\t\t\t\t', '\r\n\t\t\t\t\t\t\t\t\t\t\t\t\r\n\t\t\t\t\t\t\t\t\t\t\t\t中\r\n\t\t\t\t\t\t\t\t\t\t\t\t\r\n\t\t\t\t\t\t\t\t\t\t\t\t\r\n\t\t\t\t\t\t\t\t\t\t\t\t\t(', ')\r\n\t\t\t\t\t\t\t\t\t\t\t\t\r\n\t\t\t\t\t\t\t\t\t\t\t \r\n\t\t\t\t\t\t\t\t\t\t']",bentley MicroStation <10.16.02,http://cve.mitre.org/cgi-bin/cvename.cgi?name=CVE-2021-46588,Bentley MicroStation CONNECT是一个用于二维和三维设计和绘图的Cad软件平台。Bentley MicroStation CONNECT存在代码执行漏洞，攻击者可利用该漏洞在当前进程的上下文中执行代码。,通用型漏洞,,"['\r\n\t\t\t\t\t\t\t\t\t\t\t\r\n\t\t\t\t\t\t\t\t\t\t\t\r\n\t\t\t\t\t\t\t\t\t\t\t\t目前厂商已发布升级补丁以修复漏洞，补丁获取链接： \r', '\r\n\t\t\t\t\t\t\t\t\t\t\t\r\n\t\t\t\t\t\t\t\t\t\t\t\thttps://www.bentley.com/en/common-vulnerability-exposure/BE-2021-0005', '\r\n\t\t\t\t\t\t\t\t\t\t\t\r\n\t\t\t\t\t\t\t\t\t\t']",https://www.cnvd.org.cn/patchInfo/show/353151,(暂无验证信息),2022/3/31,2022/9/26,2022/9/26,(无附件)
Google Chrome ANGLE缓冲区溢出漏洞（CNVD-2022-65576）,CNVD-2022-65576,2022/9/25,"['\r\n\t\t\t\t\t\t\t\t\t\t\r\n\t\t\t\t\t\t\t\t\t\t\t \r\n\t\t\t\t\t\t\t\t\t\t\t \t\r\n\t\t\t\t\t\t\t\t\t\t\t\t\t', '\r\n\t\t\t\t\t\t\t\t\t\t\t\t\r\n\t\t\t\t\t\t\t\t\t\t\t\t中\r\n\t\t\t\t\t\t\t\t\t\t\t\t\r\n\t\t\t\t\t\t\t\t\t\t\t\t\r\n\t\t\t\t\t\t\t\t\t\t\t\t\t(', ')\r\n\t\t\t\t\t\t\t\t\t\t\t\t\r\n\t\t\t\t\t\t\t\t\t\t\t \r\n\t\t\t\t\t\t\t\t\t\t']",Google Chrome <97.0.4692.71,http://cve.mitre.org/cgi-bin/cvename.cgi?name=CVE-2022-0104,Google Chrome是美国谷歌（Google）公司的一款Web浏览器。Google Chrome ANGLE存在缓冲区溢出漏洞，远程攻击者可利用该漏洞使溢出缓冲区并在系统上执行任意代码，或者导致应用程序崩溃。,通用型漏洞,,"['\r\n\t\t\t\t\t\t\t\t\t\t\t\r\n\t\t\t\t\t\t\t\t\t\t\t\r\n\t\t\t\t\t\t\t\t\t\t\t\t目前厂商已发布升级补丁以修复漏洞，详情请关注厂商主页：\r', '\r\n\t\t\t\t\t\t\t\t\t\t\t\r\n\t\t\t\t\t\t\t\t\t\t\t\thttps://www.google.com', '\r\n\t\t\t\t\t\t\t\t\t\t\t\r\n\t\t\t\t\t\t\t\t\t\t']",https://www.cnvd.org.cn/patchInfo/show/352836,(暂无验证信息),2022/1/10,2022/9/25,2022/9/25,(无附件)
Google Chrome Storage代码执行漏洞,CNVD-2022-65583,2022/9/25,"['\r\n\t\t\t\t\t\t\t\t\t\t\r\n\t\t\t\t\t\t\t\t\t\t\t \r\n\t\t\t\t\t\t\t\t\t\t\t \t\r\n\t\t\t\t\t\t\t\t\t\t\t\t\t', '\r\n\t\t\t\t\t\t\t\t\t\t\t\t\r\n\t\t\t\t\t\t\t\t\t\t\t\t中\r\n\t\t\t\t\t\t\t\t\t\t\t\t\r\n\t\t\t\t\t\t\t\t\t\t\t\t\r\n\t\t\t\t\t\t\t\t\t\t\t\t\t(', ')\r\n\t\t\t\t\t\t\t\t\t\t\t\t\r\n\t\t\t\t\t\t\t\t\t\t\t \r\n\t\t\t\t\t\t\t\t\t\t']",Google Chrome <97.0.4692.71,http://cve.mitre.org/cgi-bin/cvename.cgi?name=CVE-2022-0096,Google Chrome是美国谷歌（Google）公司的一款Web浏览器。Google Chrome Storage存在代码执行漏洞，远程攻击者可利用此漏洞在系统上执行任意代码或造成拒绝服务情况。,通用型漏洞,,"['\r\n\t\t\t\t\t\t\t\t\t\t\t\r\n\t\t\t\t\t\t\t\t\t\t\t\r\n\t\t\t\t\t\t\t\t\t\t\t\t目前厂商已发布升级补丁以修复漏洞，补丁获取链接：\r', '\r\n\t\t\t\t\t\t\t\t\t\t\t\r\n\t\t\t\t\t\t\t\t\t\t\t\thttps://chromereleases.googleblog.com/2022/01/stable-channel-update-for-desktop.html', '\r\n\t\t\t\t\t\t\t\t\t\t\t\r\n\t\t\t\t\t\t\t\t\t\t']",https://www.cnvd.org.cn/patchInfo/show/352771,(暂无验证信息),2022/1/10,2022/9/25,2022/9/25,(无附件)
Google Chrome Browser UI安全绕过漏洞,CNVD-2022-65575,2022/9/25,"['\r\n\t\t\t\t\t\t\t\t\t\t\r\n\t\t\t\t\t\t\t\t\t\t\t \r\n\t\t\t\t\t\t\t\t\t\t\t \t\r\n\t\t\t\t\t\t\t\t\t\t\t\t\t', '\r\n\t\t\t\t\t\t\t\t\t\t\t\t\r\n\t\t\t\t\t\t\t\t\t\t\t\t中\r\n\t\t\t\t\t\t\t\t\t\t\t\t\r\n\t\t\t\t\t\t\t\t\t\t\t\t\r\n\t\t\t\t\t\t\t\t\t\t\t\t\t(', ')\r\n\t\t\t\t\t\t\t\t\t\t\t\t\r\n\t\t\t\t\t\t\t\t\t\t\t \r\n\t\t\t\t\t\t\t\t\t\t']",Google Chrome <97.0.4692.71,http://cve.mitre.org/cgi-bin/cvename.cgi?name=CVE-2022-0112,Google Chrome是美国谷歌（Google）公司的一款Web浏览器。Google Chrome Browser UI存在安全绕过漏洞，攻击者可利用此漏洞绕过安全限制。,通用型漏洞,,"['\r\n\t\t\t\t\t\t\t\t\t\t\t\r\n\t\t\t\t\t\t\t\t\t\t\t\r\n\t\t\t\t\t\t\t\t\t\t\t\t目前厂商已发布升级补丁以修复漏洞，详情请关注厂商主页：\r', '\r\n\t\t\t\t\t\t\t\t\t\t\t\r\n\t\t\t\t\t\t\t\t\t\t\t\thttps://www.google.com', '\r\n\t\t\t\t\t\t\t\t\t\t\t\r\n\t\t\t\t\t\t\t\t\t\t']",https://www.cnvd.org.cn/patchInfo/show/352841,(暂无验证信息),2022/1/10,2022/9/25,2022/9/25,(无附件)
Google Chrome Bookmarks缓冲区溢出漏洞,CNVD-2022-65571,2022/9/25,"['\r\n\t\t\t\t\t\t\t\t\t\t\r\n\t\t\t\t\t\t\t\t\t\t\t \r\n\t\t\t\t\t\t\t\t\t\t\t \t\r\n\t\t\t\t\t\t\t\t\t\t\t\t\t', '\r\n\t\t\t\t\t\t\t\t\t\t\t\t\r\n\t\t\t\t\t\t\t\t\t\t\t\t中\r\n\t\t\t\t\t\t\t\t\t\t\t\t\r\n\t\t\t\t\t\t\t\t\t\t\t\t\r\n\t\t\t\t\t\t\t\t\t\t\t\t\t(', ')\r\n\t\t\t\t\t\t\t\t\t\t\t\t\r\n\t\t\t\t\t\t\t\t\t\t\t \r\n\t\t\t\t\t\t\t\t\t\t']",Google Chrome <97.0.4692.71,http://cve.mitre.org/cgi-bin/cvename.cgi?name=CVE-2022-0101,Google Chrome是美国谷歌（Google）公司的一款Web浏览器。Google Chrome Bookmarks存在缓冲区溢出漏洞，远程攻击者可利用该漏洞使溢出缓冲区并在系统上执行任意代码，或者导致应用程序崩溃。,通用型漏洞,,"['\r\n\t\t\t\t\t\t\t\t\t\t\t\r\n\t\t\t\t\t\t\t\t\t\t\t\r\n\t\t\t\t\t\t\t\t\t\t\t\t目前厂商已发布升级补丁以修复漏洞，补丁获取链接：\r', '\r\n\t\t\t\t\t\t\t\t\t\t\t\r\n\t\t\t\t\t\t\t\t\t\t\t\thttps://www.google.cn/chrome/', '\r\n\t\t\t\t\t\t\t\t\t\t\t\r\n\t\t\t\t\t\t\t\t\t\t']",https://www.cnvd.org.cn/patchInfo/show/352876,(暂无验证信息),2022/1/10,2022/9/25,2022/9/25,(无附件)
Google Chrome Autofill安全绕过漏洞（CNVD-2022-65579）,CNVD-2022-65579,2022/9/25,"['\r\n\t\t\t\t\t\t\t\t\t\t\r\n\t\t\t\t\t\t\t\t\t\t\t \r\n\t\t\t\t\t\t\t\t\t\t\t \t\r\n\t\t\t\t\t\t\t\t\t\t\t\t\t', '\r\n\t\t\t\t\t\t\t\t\t\t\t\t\r\n\t\t\t\t\t\t\t\t\t\t\t\t中\r\n\t\t\t\t\t\t\t\t\t\t\t\t\r\n\t\t\t\t\t\t\t\t\t\t\t\t\r\n\t\t\t\t\t\t\t\t\t\t\t\t\t(', ')\r\n\t\t\t\t\t\t\t\t\t\t\t\t\r\n\t\t\t\t\t\t\t\t\t\t\t \r\n\t\t\t\t\t\t\t\t\t\t']",Google Chrome <97.0.4692.71,http://cve.mitre.org/cgi-bin/cvename.cgi?name=CVE-2022-0110,Google Chrome是美国谷歌（Google）公司的一款Web浏览器。Google Chrome Autofill存在安全绕过漏洞，攻击者可利用此漏洞绕过安全限制。,通用型漏洞,,"['\r\n\t\t\t\t\t\t\t\t\t\t\t\r\n\t\t\t\t\t\t\t\t\t\t\t\r\n\t\t\t\t\t\t\t\t\t\t\t\t目前厂商已发布升级补丁以修复漏洞，详情请关注厂商主页：\r', '\r\n\t\t\t\t\t\t\t\t\t\t\t\r\n\t\t\t\t\t\t\t\t\t\t\t\thttps://www.google.com', '\r\n\t\t\t\t\t\t\t\t\t\t\t\r\n\t\t\t\t\t\t\t\t\t\t']",https://www.cnvd.org.cn/patchInfo/show/352811,(暂无验证信息),2022/1/10,2022/9/25,2022/9/25,(无附件)
NexusPHP SQL注入漏洞（CNVD-2022-65365）,CNVD-2022-65365,2022/9/23,"['\r\n\t\t\t\t\t\t\t\t\t\t\r\n\t\t\t\t\t\t\t\t\t\t\t \r\n\t\t\t\t\t\t\t\t\t\t\t \t\r\n\t\t\t\t\t\t\t\t\t\t\t\t', '\r\n\t\t\t\t\t\t\t\t\t\t\t\t\r\n\t\t\t\t\t\t\t\t\t\t\t\t高\r\n\t\t\t\t\t\t\t\t\t\t\t\t\r\n\t\t\t\t\t\t\t\t\t\t\t\t\r\n\t\t\t\t\t\t\t\t\t\t\t\t\t(', ')\r\n\t\t\t\t\t\t\t\t\t\t\t\t\r\n\t\t\t\t\t\t\t\t\t\t\t \r\n\t\t\t\t\t\t\t\t\t\t']",NexusPHP NexusPHP 1.5,http://cve.mitre.org/cgi-bin/cvename.cgi?name=CVE-2020-24770,NexusPHP是一款免费开源的完整的PT建站解决方案。NexusPHP 1.5版本存在SQL注入漏洞，远程攻击者可利用该漏洞通过id参数执行任意SQL命令。,通用型漏洞,,"['\r\n\t\t\t\t\t\t\t\t\t\t\t\r\n\t\t\t\t\t\t\t\t\t\t\t\r\n\t\t\t\t\t\t\t\t\t\t\t\t厂商已发布了漏洞修复程序，请及时关注更新：\r', '\r\n\t\t\t\t\t\t\t\t\t\t\t\r\n\t\t\t\t\t\t\t\t\t\t\t\thttps://nexusphp.org/2021/02/03/nexusphp-v1-6-0-beta2/', '\r\n\t\t\t\t\t\t\t\t\t\t\t\r\n\t\t\t\t\t\t\t\t\t\t']",https://www.cnvd.org.cn/patchInfo/show/352946,已验证,2022/4/1,2022/9/23,2022/9/23,(无附件)
NexusPHP SQL注入漏洞（CNVD-2022-65365）,CNVD-2022-65365,2022/9/23,"['\r\n\t\t\t\t\t\t\t\t\t\t\r\n\t\t\t\t\t\t\t\t\t\t\t \r\n\t\t\t\t\t\t\t\t\t\t\t \t\r\n\t\t\t\t\t\t\t\t\t\t\t\t', '\r\n\t\t\t\t\t\t\t\t\t\t\t\t\r\n\t\t\t\t\t\t\t\t\t\t\t\t高\r\n\t\t\t\t\t\t\t\t\t\t\t\t\r\n\t\t\t\t\t\t\t\t\t\t\t\t\r\n\t\t\t\t\t\t\t\t\t\t\t\t\t(', ')\r\n\t\t\t\t\t\t\t\t\t\t\t\t\r\n\t\t\t\t\t\t\t\t\t\t\t \r\n\t\t\t\t\t\t\t\t\t\t']",NexusPHP NexusPHP 1.5,http://cve.mitre.org/cgi-bin/cvename.cgi?name=CVE-2020-24770,NexusPHP是一款免费开源的完整的PT建站解决方案。NexusPHP 1.5版本存在SQL注入漏洞，远程攻击者可利用该漏洞通过id参数执行任意SQL命令。,通用型漏洞,,"['\r\n\t\t\t\t\t\t\t\t\t\t\t\r\n\t\t\t\t\t\t\t\t\t\t\t\r\n\t\t\t\t\t\t\t\t\t\t\t\t厂商已发布了漏洞修复程序，请及时关注更新：\r', '\r\n\t\t\t\t\t\t\t\t\t\t\t\r\n\t\t\t\t\t\t\t\t\t\t\t\thttps://nexusphp.org/2021/02/03/nexusphp-v1-6-0-beta2/', '\r\n\t\t\t\t\t\t\t\t\t\t\t\r\n\t\t\t\t\t\t\t\t\t\t']",https://www.cnvd.org.cn/patchInfo/show/352946,已验证,2022/4/1,2022/9/23,2022/9/23,(无附件)
Bentley MicroStation CONNECT信息泄露漏洞（CNVD-2022-65020）,CNVD-2022-65020,2022/9/23,"['\r\n\t\t\t\t\t\t\t\t\t\t\r\n\t\t\t\t\t\t\t\t\t\t\t \r\n\t\t\t\t\t\t\t\t\t\t\t \t\r\n\t\t\t\t\t\t\t\t\t\t\t\t\t', '\r\n\t\t\t\t\t\t\t\t\t\t\t\t\r\n\t\t\t\t\t\t\t\t\t\t\t\t中\r\n\t\t\t\t\t\t\t\t\t\t\t\t\r\n\t\t\t\t\t\t\t\t\t\t\t\t\r\n\t\t\t\t\t\t\t\t\t\t\t\t\t(', ')\r\n\t\t\t\t\t\t\t\t\t\t\t\t\r\n\t\t\t\t\t\t\t\t\t\t\t \r\n\t\t\t\t\t\t\t\t\t\t']",bentley MicroStation CONNECT 10.16.0.80,http://cve.mitre.org/cgi-bin/cvename.cgi?name=CVE-2021-46608,Bentley MicroStation CONNECT是一个用于二维和三维设计和绘图的Cad软件平台。Bentley MicroStation CONNECT存在信息泄露漏洞，攻击者可利用此漏洞获取敏感信息。,通用型漏洞,,"['\r\n\t\t\t\t\t\t\t\t\t\t\t\r\n\t\t\t\t\t\t\t\t\t\t\t\r\n\t\t\t\t\t\t\t\t\t\t\t\t目前厂商已发布升级补丁以修复漏洞，补丁获取链接： \r', '\r\n\t\t\t\t\t\t\t\t\t\t\t\r\n\t\t\t\t\t\t\t\t\t\t\t\thttps://www.bentley.com/en/common-vulnerability-exposure/BE-2021-0005', '\r\n\t\t\t\t\t\t\t\t\t\t\t\r\n\t\t\t\t\t\t\t\t\t\t']",https://www.cnvd.org.cn/patchInfo/show/352586,(暂无验证信息),2022/3/31,2022/9/22,2022/9/22,(无附件)
Bentley MicroStation CONNECT信息泄露漏洞（CNVD-2022-65021）,CNVD-2022-65021,2022/9/23,"['\r\n\t\t\t\t\t\t\t\t\t\t\r\n\t\t\t\t\t\t\t\t\t\t\t \r\n\t\t\t\t\t\t\t\t\t\t\t \t\r\n\t\t\t\t\t\t\t\t\t\t\t\t\t', '\r\n\t\t\t\t\t\t\t\t\t\t\t\t\r\n\t\t\t\t\t\t\t\t\t\t\t\t中\r\n\t\t\t\t\t\t\t\t\t\t\t\t\r\n\t\t\t\t\t\t\t\t\t\t\t\t\r\n\t\t\t\t\t\t\t\t\t\t\t\t\t(', ')\r\n\t\t\t\t\t\t\t\t\t\t\t\t\r\n\t\t\t\t\t\t\t\t\t\t\t \r\n\t\t\t\t\t\t\t\t\t\t']",bentley MicroStation CONNECT 10.16.0.80,http://cve.mitre.org/cgi-bin/cvename.cgi?name=CVE-2021-46607,Bentley MicroStation CONNECT是一个用于二维和三维设计和绘图的Cad软件平台。Bentley MicroStation CONNECT存在信息泄露漏洞，攻击者可利用此漏洞获取敏感信息。,通用型漏洞,,"['\r\n\t\t\t\t\t\t\t\t\t\t\t\r\n\t\t\t\t\t\t\t\t\t\t\t\r\n\t\t\t\t\t\t\t\t\t\t\t\t目前厂商已发布升级补丁以修复漏洞，补丁获取链接： \r', '\r\n\t\t\t\t\t\t\t\t\t\t\t\r\n\t\t\t\t\t\t\t\t\t\t\t\thttps://www.bentley.com/en/common-vulnerability-exposure/BE-2021-0005', '\r\n\t\t\t\t\t\t\t\t\t\t\t\r\n\t\t\t\t\t\t\t\t\t\t']",https://www.cnvd.org.cn/patchInfo/show/352581,(暂无验证信息),2022/3/31,2022/9/22,2022/9/22,(无附件)
Bentley MicroStation CONNECT信息泄露漏洞,CNVD-2022-65022,2022/9/23,"['\r\n\t\t\t\t\t\t\t\t\t\t\r\n\t\t\t\t\t\t\t\t\t\t\t \r\n\t\t\t\t\t\t\t\t\t\t\t \t\r\n\t\t\t\t\t\t\t\t\t\t\t\t\t', '\r\n\t\t\t\t\t\t\t\t\t\t\t\t\r\n\t\t\t\t\t\t\t\t\t\t\t\t中\r\n\t\t\t\t\t\t\t\t\t\t\t\t\r\n\t\t\t\t\t\t\t\t\t\t\t\t\r\n\t\t\t\t\t\t\t\t\t\t\t\t\t(', ')\r\n\t\t\t\t\t\t\t\t\t\t\t\t\r\n\t\t\t\t\t\t\t\t\t\t\t \r\n\t\t\t\t\t\t\t\t\t\t']",bentley MicroStation CONNECT 10.16.0.80,http://cve.mitre.org/cgi-bin/cvename.cgi?name=CVE-2021-46600,Bentley MicroStation CONNECT是一个用于二维和三维设计和绘图的Cad软件平台。Bentley MicroStation CONNECT存在信息泄露漏洞，攻击者可利用此漏洞获取敏感信息。,通用型漏洞,,"['\r\n\t\t\t\t\t\t\t\t\t\t\t\r\n\t\t\t\t\t\t\t\t\t\t\t\r\n\t\t\t\t\t\t\t\t\t\t\t\t目前厂商已发布升级补丁以修复漏洞，补丁获取链接： \r', '\r\n\t\t\t\t\t\t\t\t\t\t\t\r\n\t\t\t\t\t\t\t\t\t\t\t\thttps://www.bentley.com/en/common-vulnerability-exposure/BE-2021-0005', '\r\n\t\t\t\t\t\t\t\t\t\t\t\r\n\t\t\t\t\t\t\t\t\t\t']",https://www.cnvd.org.cn/patchInfo/show/352571,(暂无验证信息),2022/3/31,2022/9/22,2022/9/22,(无附件)
Bentley MicroStation CONNECT代码执行漏洞（CNVD-2022-65023）,CNVD-2022-65023,2022/9/23,"['\r\n\t\t\t\t\t\t\t\t\t\t\r\n\t\t\t\t\t\t\t\t\t\t\t \r\n\t\t\t\t\t\t\t\t\t\t\t \t\r\n\t\t\t\t\t\t\t\t\t\t\t\t\t', '\r\n\t\t\t\t\t\t\t\t\t\t\t\t\r\n\t\t\t\t\t\t\t\t\t\t\t\t中\r\n\t\t\t\t\t\t\t\t\t\t\t\t\r\n\t\t\t\t\t\t\t\t\t\t\t\t\r\n\t\t\t\t\t\t\t\t\t\t\t\t\t(', ')\r\n\t\t\t\t\t\t\t\t\t\t\t\t\r\n\t\t\t\t\t\t\t\t\t\t\t \r\n\t\t\t\t\t\t\t\t\t\t']",bentley MicroStation CONNECT <=10.16.0.80,http://cve.mitre.org/cgi-bin/cvename.cgi?name=CVE-2021-46581,Bentley MicroStation CONNECT是一个用于二维和三维设计和绘图的Cad软件平台。Bentley MicroStation CONNECT存在代码执行漏洞，攻击者可利用此漏洞在当前进程的上下文中执行任意代码。,通用型漏洞,,"['\r\n\t\t\t\t\t\t\t\t\t\t\t\r\n\t\t\t\t\t\t\t\t\t\t\t\r\n\t\t\t\t\t\t\t\t\t\t\t\t目前厂商已发布升级补丁以修复漏洞，补丁获取链接： \r', '\r\n\t\t\t\t\t\t\t\t\t\t\t\r\n\t\t\t\t\t\t\t\t\t\t\t\thttps://www.bentley.com/en/common-vulnerability-exposure/BE-2021-0005', '\r\n\t\t\t\t\t\t\t\t\t\t\t\r\n\t\t\t\t\t\t\t\t\t\t']",https://www.cnvd.org.cn/patchInfo/show/352561,(暂无验证信息),2022/3/31,2022/9/22,2022/9/22,(无附件)
Bentley MicroStation CONNECT代码执行漏洞（CNVD-2022-65024）,CNVD-2022-65024,2022/9/23,"['\r\n\t\t\t\t\t\t\t\t\t\t\r\n\t\t\t\t\t\t\t\t\t\t\t \r\n\t\t\t\t\t\t\t\t\t\t\t \t\r\n\t\t\t\t\t\t\t\t\t\t\t\t\t', '\r\n\t\t\t\t\t\t\t\t\t\t\t\t\r\n\t\t\t\t\t\t\t\t\t\t\t\t中\r\n\t\t\t\t\t\t\t\t\t\t\t\t\r\n\t\t\t\t\t\t\t\t\t\t\t\t\r\n\t\t\t\t\t\t\t\t\t\t\t\t\t(', ')\r\n\t\t\t\t\t\t\t\t\t\t\t\t\r\n\t\t\t\t\t\t\t\t\t\t\t \r\n\t\t\t\t\t\t\t\t\t\t']",bentley MicroStation CONNECT 10.16.0.80,http://cve.mitre.org/cgi-bin/cvename.cgi?name=CVE-2021-46576,Bentley MicroStation CONNECT是一个用于二维和三维设计和绘图的Cad软件平台。Bentley MicroStation CONNECT存在代码执行漏洞，攻击者可利用此漏洞在系统上执行任意代码。,通用型漏洞,,"['\r\n\t\t\t\t\t\t\t\t\t\t\t\r\n\t\t\t\t\t\t\t\t\t\t\t\r\n\t\t\t\t\t\t\t\t\t\t\t\t目前厂商已发布升级补丁以修复漏洞，补丁获取链接： \r', '\r\n\t\t\t\t\t\t\t\t\t\t\t\r\n\t\t\t\t\t\t\t\t\t\t\t\thttps://www.bentley.com/en/common-vulnerability-exposure/BE-2021-0005', '\r\n\t\t\t\t\t\t\t\t\t\t\t\r\n\t\t\t\t\t\t\t\t\t\t']",https://www.cnvd.org.cn/patchInfo/show/352551,(暂无验证信息),2022/3/31,2022/9/22,2022/9/22,(无附件)
Bentley MicroStation CONNECT代码执行漏洞（CNVD-2022-65025）,CNVD-2022-65025,2022/9/23,"['\r\n\t\t\t\t\t\t\t\t\t\t\r\n\t\t\t\t\t\t\t\t\t\t\t \r\n\t\t\t\t\t\t\t\t\t\t\t \t\r\n\t\t\t\t\t\t\t\t\t\t\t\t\t', '\r\n\t\t\t\t\t\t\t\t\t\t\t\t\r\n\t\t\t\t\t\t\t\t\t\t\t\t中\r\n\t\t\t\t\t\t\t\t\t\t\t\t\r\n\t\t\t\t\t\t\t\t\t\t\t\t\r\n\t\t\t\t\t\t\t\t\t\t\t\t\t(', ')\r\n\t\t\t\t\t\t\t\t\t\t\t\t\r\n\t\t\t\t\t\t\t\t\t\t\t \r\n\t\t\t\t\t\t\t\t\t\t']",bentley MicroStation CONNECT 10.16.0.80,http://cve.mitre.org/cgi-bin/cvename.cgi?name=CVE-2021-46574,Bentley MicroStation CONNECT是一个用于二维和三维设计和绘图的Cad软件平台。Bentley MicroStation CONNECT存在代码执行漏洞，攻击者可利用此漏洞在系统上执行任意代码。,通用型漏洞,,"['\r\n\t\t\t\t\t\t\t\t\t\t\t\r\n\t\t\t\t\t\t\t\t\t\t\t\r\n\t\t\t\t\t\t\t\t\t\t\t\t目前厂商已发布升级补丁以修复漏洞，补丁获取链接： \r', '\r\n\t\t\t\t\t\t\t\t\t\t\t\r\n\t\t\t\t\t\t\t\t\t\t\t\thttps://www.bentley.com/en/common-vulnerability-exposure/BE-2021-0005', '\r\n\t\t\t\t\t\t\t\t\t\t\t\r\n\t\t\t\t\t\t\t\t\t\t']",https://www.cnvd.org.cn/patchInfo/show/352546,(暂无验证信息),2022/3/31,2022/9/22,2022/9/22,(无附件)
Bentley MicroStation CONNECT代码执行漏洞（CNVD-2022-65026）,CNVD-2022-65026,2022/9/23,"['\r\n\t\t\t\t\t\t\t\t\t\t\r\n\t\t\t\t\t\t\t\t\t\t\t \r\n\t\t\t\t\t\t\t\t\t\t\t \t\r\n\t\t\t\t\t\t\t\t\t\t\t\t\t', '\r\n\t\t\t\t\t\t\t\t\t\t\t\t\r\n\t\t\t\t\t\t\t\t\t\t\t\t中\r\n\t\t\t\t\t\t\t\t\t\t\t\t\r\n\t\t\t\t\t\t\t\t\t\t\t\t\r\n\t\t\t\t\t\t\t\t\t\t\t\t\t(', ')\r\n\t\t\t\t\t\t\t\t\t\t\t\t\r\n\t\t\t\t\t\t\t\t\t\t\t \r\n\t\t\t\t\t\t\t\t\t\t']",bentley MicroStation CONNECT 10.16.0.80,http://cve.mitre.org/cgi-bin/cvename.cgi?name=CVE-2021-46569,Bentley MicroStation CONNECT是一个用于二维和三维设计和绘图的Cad软件平台。Bentley MicroStation CONNECT存在代码执行漏洞，攻击者可利用此漏洞在当前进程的上下文中执行任意代码。,通用型漏洞,,"['\r\n\t\t\t\t\t\t\t\t\t\t\t\r\n\t\t\t\t\t\t\t\t\t\t\t\r\n\t\t\t\t\t\t\t\t\t\t\t\t目前厂商已发布升级补丁以修复漏洞，补丁获取链接： \r', '\r\n\t\t\t\t\t\t\t\t\t\t\t\r\n\t\t\t\t\t\t\t\t\t\t\t\thttps://www.bentley.com/en/common-vulnerability-exposure/BE-2021-0005', '\r\n\t\t\t\t\t\t\t\t\t\t\t\r\n\t\t\t\t\t\t\t\t\t\t']",https://www.cnvd.org.cn/patchInfo/show/352541,(暂无验证信息),2022/3/31,2022/9/22,2022/9/22,(无附件)
Bentley MicroStation CONNECT代码执行漏洞（CNVD-2022-65027）,CNVD-2022-65027,2022/9/23,"['\r\n\t\t\t\t\t\t\t\t\t\t\r\n\t\t\t\t\t\t\t\t\t\t\t \r\n\t\t\t\t\t\t\t\t\t\t\t \t\r\n\t\t\t\t\t\t\t\t\t\t\t\t\t', '\r\n\t\t\t\t\t\t\t\t\t\t\t\t\r\n\t\t\t\t\t\t\t\t\t\t\t\t中\r\n\t\t\t\t\t\t\t\t\t\t\t\t\r\n\t\t\t\t\t\t\t\t\t\t\t\t\r\n\t\t\t\t\t\t\t\t\t\t\t\t\t(', ')\r\n\t\t\t\t\t\t\t\t\t\t\t\t\r\n\t\t\t\t\t\t\t\t\t\t\t \r\n\t\t\t\t\t\t\t\t\t\t']",bentley MicroStation CONNECT 10.16.0.80,http://cve.mitre.org/cgi-bin/cvename.cgi?name=CVE-2021-46572,Bentley MicroStation CONNECT是一个用于二维和三维设计和绘图的Cad软件平台。Bentley MicroStation CONNECT存在代码执行漏洞，攻击者可利用此漏洞在系统上执行任意代码。,通用型漏洞,,"['\r\n\t\t\t\t\t\t\t\t\t\t\t\r\n\t\t\t\t\t\t\t\t\t\t\t\r\n\t\t\t\t\t\t\t\t\t\t\t\t目前厂商已发布升级补丁以修复漏洞，补丁获取链接： \r', '\r\n\t\t\t\t\t\t\t\t\t\t\t\r\n\t\t\t\t\t\t\t\t\t\t\t\thttps://www.bentley.com/en/common-vulnerability-exposure/BE-2021-0005', '\r\n\t\t\t\t\t\t\t\t\t\t\t\r\n\t\t\t\t\t\t\t\t\t\t']",https://www.cnvd.org.cn/patchInfo/show/352531,(暂无验证信息),2022/3/31,2022/9/22,2022/9/22,(无附件)
Bentley MicroStation CONNECT代码执行漏洞（CNVD-2022-65028）,CNVD-2022-65028,2022/9/23,"['\r\n\t\t\t\t\t\t\t\t\t\t\r\n\t\t\t\t\t\t\t\t\t\t\t \r\n\t\t\t\t\t\t\t\t\t\t\t \t\r\n\t\t\t\t\t\t\t\t\t\t\t\t\t', '\r\n\t\t\t\t\t\t\t\t\t\t\t\t\r\n\t\t\t\t\t\t\t\t\t\t\t\t中\r\n\t\t\t\t\t\t\t\t\t\t\t\t\r\n\t\t\t\t\t\t\t\t\t\t\t\t\r\n\t\t\t\t\t\t\t\t\t\t\t\t\t(', ')\r\n\t\t\t\t\t\t\t\t\t\t\t\t\r\n\t\t\t\t\t\t\t\t\t\t\t \r\n\t\t\t\t\t\t\t\t\t\t']",bentley MicroStation CONNECT 10.16.0.80,http://cve.mitre.org/cgi-bin/cvename.cgi?name=CVE-2021-46568,Bentley MicroStation CONNECT是一个用于二维和三维设计和绘图的Cad软件平台。Bentley MicroStation CONNECT存在代码执行漏洞，攻击者可利用该漏洞在当前进程的上下文中执行任意代码。,通用型漏洞,,"['\r\n\t\t\t\t\t\t\t\t\t\t\t\r\n\t\t\t\t\t\t\t\t\t\t\t\r\n\t\t\t\t\t\t\t\t\t\t\t\t目前厂商已发布升级补丁以修复漏洞，补丁获取链接： \r', '\r\n\t\t\t\t\t\t\t\t\t\t\t\r\n\t\t\t\t\t\t\t\t\t\t\t\thttps://www.bentley.com/en/common-vulnerability-exposure/BE-2021-0005', '\r\n\t\t\t\t\t\t\t\t\t\t\t\r\n\t\t\t\t\t\t\t\t\t\t']",https://www.cnvd.org.cn/patchInfo/show/352526,(暂无验证信息),2022/3/31,2022/9/22,2022/9/22,(无附件)
Adobe Bridge缓冲区溢出漏洞（CNVD-2022-64964）,CNVD-2022-64964,2022/9/22,"['\r\n\t\t\t\t\t\t\t\t\t\t\r\n\t\t\t\t\t\t\t\t\t\t\t \r\n\t\t\t\t\t\t\t\t\t\t\t \t\r\n\t\t\t\t\t\t\t\t\t\t\t\t', '\r\n\t\t\t\t\t\t\t\t\t\t\t\t\r\n\t\t\t\t\t\t\t\t\t\t\t\t高\r\n\t\t\t\t\t\t\t\t\t\t\t\t\r\n\t\t\t\t\t\t\t\t\t\t\t\t\r\n\t\t\t\t\t\t\t\t\t\t\t\t\t(', ')\r\n\t\t\t\t\t\t\t\t\t\t\t\t\r\n\t\t\t\t\t\t\t\t\t\t\t \r\n\t\t\t\t\t\t\t\t\t\t']",Adobe Bridge >=11.1，<11.1.4,http://cve.mitre.org/cgi-bin/cvename.cgi?name=CVE-2022-35705,Adobe Bridge是美国奥多比（Adobe）公司的一款文件查看器。Adobe Bridge存在缓冲区溢出漏洞，该漏洞源于受到越界写入漏洞的影响，攻击者可利用该漏洞在当前用户的上下文中执行任意代码。,通用型漏洞,,"['\r\n\t\t\t\t\t\t\t\t\t\t\t\r\n\t\t\t\t\t\t\t\t\t\t\t\r\n\t\t\t\t\t\t\t\t\t\t\t\t目前厂商已发布升级补丁以修复漏洞，补丁获取链接：\r', '\r\n\t\t\t\t\t\t\t\t\t\t\t\r\n\t\t\t\t\t\t\t\t\t\t\t\thttps://helpx.adobe.com/security/products/bridge/apsb22-49.html', '\r\n\t\t\t\t\t\t\t\t\t\t\t\r\n\t\t\t\t\t\t\t\t\t\t']",https://www.cnvd.org.cn/patchInfo/show/352161,(暂无验证信息),2022/9/21,2022/9/22,2022/9/22,(无附件)
Adobe Bridge缓冲区溢出漏洞（CNVD-2022-64965）,CNVD-2022-64965,2022/9/22,"['\r\n\t\t\t\t\t\t\t\t\t\t\r\n\t\t\t\t\t\t\t\t\t\t\t \r\n\t\t\t\t\t\t\t\t\t\t\t \t\r\n\t\t\t\t\t\t\t\t\t\t\t\t', '\r\n\t\t\t\t\t\t\t\t\t\t\t\t\r\n\t\t\t\t\t\t\t\t\t\t\t\t高\r\n\t\t\t\t\t\t\t\t\t\t\t\t\r\n\t\t\t\t\t\t\t\t\t\t\t\t\r\n\t\t\t\t\t\t\t\t\t\t\t\t\t(', ')\r\n\t\t\t\t\t\t\t\t\t\t\t\t\r\n\t\t\t\t\t\t\t\t\t\t\t \r\n\t\t\t\t\t\t\t\t\t\t']",Adobe Bridge >=11.1，<11.1.4,http://cve.mitre.org/cgi-bin/cvename.cgi?name=CVE-2022-35702,Adobe Bridge是美国奥多比（Adobe）公司的一款文件查看器。Adobe Bridge存在缓冲区溢出漏洞，该漏洞源于受到越界写入漏洞的影响，攻击者可利用该漏洞在当前用户的上下文中执行任意代码。,通用型漏洞,,"['\r\n\t\t\t\t\t\t\t\t\t\t\t\r\n\t\t\t\t\t\t\t\t\t\t\t\r\n\t\t\t\t\t\t\t\t\t\t\t\t目前厂商已发布升级补丁以修复漏洞，补丁获取链接：\r', '\r\n\t\t\t\t\t\t\t\t\t\t\t\r\n\t\t\t\t\t\t\t\t\t\t\t\thttps://helpx.adobe.com/security/products/bridge/apsb22-49.html', '\r\n\t\t\t\t\t\t\t\t\t\t\t\r\n\t\t\t\t\t\t\t\t\t\t']",https://www.cnvd.org.cn/patchInfo/show/352171,(暂无验证信息),2022/9/21,2022/9/22,2022/9/22,(无附件)
Adobe Bridge缓冲区溢出漏洞（CNVD-2022-64966）,CNVD-2022-64966,2022/9/22,"['\r\n\t\t\t\t\t\t\t\t\t\t\r\n\t\t\t\t\t\t\t\t\t\t\t \r\n\t\t\t\t\t\t\t\t\t\t\t \t\r\n\t\t\t\t\t\t\t\t\t\t\t\t', '\r\n\t\t\t\t\t\t\t\t\t\t\t\t\r\n\t\t\t\t\t\t\t\t\t\t\t\t高\r\n\t\t\t\t\t\t\t\t\t\t\t\t\r\n\t\t\t\t\t\t\t\t\t\t\t\t\r\n\t\t\t\t\t\t\t\t\t\t\t\t\t(', ')\r\n\t\t\t\t\t\t\t\t\t\t\t\t\r\n\t\t\t\t\t\t\t\t\t\t\t \r\n\t\t\t\t\t\t\t\t\t\t']",Adobe Bridge >=11.1，<11.1.4,http://cve.mitre.org/cgi-bin/cvename.cgi?name=CVE-2022-35701,Adobe Bridge是美国奥多比（Adobe）公司的一款文件查看器。Adobe Bridge存在缓冲区溢出漏洞，该漏洞源于受到越界写入漏洞的影响，攻击者利用该漏洞可以在当前用户的上下文中执行任意代码。,通用型漏洞,,"['\r\n\t\t\t\t\t\t\t\t\t\t\t\r\n\t\t\t\t\t\t\t\t\t\t\t\r\n\t\t\t\t\t\t\t\t\t\t\t\t目前厂商已发布升级补丁以修复漏洞，补丁获取链接：\r', '\r\n\t\t\t\t\t\t\t\t\t\t\t\r\n\t\t\t\t\t\t\t\t\t\t\t\thttps://helpx.adobe.com/security/products/bridge/apsb22-49.html', '\r\n\t\t\t\t\t\t\t\t\t\t\t\r\n\t\t\t\t\t\t\t\t\t\t']",https://www.cnvd.org.cn/patchInfo/show/352181,(暂无验证信息),2022/9/21,2022/9/22,2022/9/22,(无附件)
Adobe Bridge缓冲区溢出漏洞（CNVD-2022-64967）,CNVD-2022-64967,2022/9/22,"['\r\n\t\t\t\t\t\t\t\t\t\t\r\n\t\t\t\t\t\t\t\t\t\t\t \r\n\t\t\t\t\t\t\t\t\t\t\t \t\r\n\t\t\t\t\t\t\t\t\t\t\t\t', '\r\n\t\t\t\t\t\t\t\t\t\t\t\t\r\n\t\t\t\t\t\t\t\t\t\t\t\t高\r\n\t\t\t\t\t\t\t\t\t\t\t\t\r\n\t\t\t\t\t\t\t\t\t\t\t\t\r\n\t\t\t\t\t\t\t\t\t\t\t\t\t(', ')\r\n\t\t\t\t\t\t\t\t\t\t\t\t\r\n\t\t\t\t\t\t\t\t\t\t\t \r\n\t\t\t\t\t\t\t\t\t\t']",Adobe Bridge >=11.1，<11.1.4,http://cve.mitre.org/cgi-bin/cvename.cgi?name=CVE-2022-35700,Adobe Bridge是美国奥多比（Adobe）公司的一款文件查看器。Adobe Bridge存在缓冲区溢出漏洞，该漏洞源于受到越界写入漏洞的影响，攻击者利用该漏洞可以在当前用户的上下文中执行任意代码。,通用型漏洞,,"['\r\n\t\t\t\t\t\t\t\t\t\t\t\r\n\t\t\t\t\t\t\t\t\t\t\t\r\n\t\t\t\t\t\t\t\t\t\t\t\t目前厂商已发布升级补丁以修复漏洞，补丁获取链接：\r', '\r\n\t\t\t\t\t\t\t\t\t\t\t\r\n\t\t\t\t\t\t\t\t\t\t\t\thttps://helpx.adobe.com/security/products/bridge/apsb22-49.html', '\r\n\t\t\t\t\t\t\t\t\t\t\t\r\n\t\t\t\t\t\t\t\t\t\t']",https://www.cnvd.org.cn/patchInfo/show/352186,(暂无验证信息),2022/9/21,2022/9/22,2022/9/22,(无附件)
Adobe Bridge缓冲区溢出漏洞（CNVD-2022-64968）,CNVD-2022-64968,2022/9/22,"['\r\n\t\t\t\t\t\t\t\t\t\t\r\n\t\t\t\t\t\t\t\t\t\t\t \r\n\t\t\t\t\t\t\t\t\t\t\t \t\r\n\t\t\t\t\t\t\t\t\t\t\t\t', '\r\n\t\t\t\t\t\t\t\t\t\t\t\t\r\n\t\t\t\t\t\t\t\t\t\t\t\t高\r\n\t\t\t\t\t\t\t\t\t\t\t\t\r\n\t\t\t\t\t\t\t\t\t\t\t\t\r\n\t\t\t\t\t\t\t\t\t\t\t\t\t(', ')\r\n\t\t\t\t\t\t\t\t\t\t\t\t\r\n\t\t\t\t\t\t\t\t\t\t\t \r\n\t\t\t\t\t\t\t\t\t\t']",Adobe Bridge >=11.1，<11.1.4,http://cve.mitre.org/cgi-bin/cvename.cgi?name=CVE-2022-35699,Adobe Bridge是美国奥多比（Adobe）公司的一款文件查看器。Adobe Bridge存在缓冲区溢出漏洞，该漏洞源于受到越界写入漏洞的影响，攻击者可利用该漏洞在当前用户的上下文中执行任意代码。,通用型漏洞,,"['\r\n\t\t\t\t\t\t\t\t\t\t\t\r\n\t\t\t\t\t\t\t\t\t\t\t\r\n\t\t\t\t\t\t\t\t\t\t\t\t目前厂商已发布升级补丁以修复漏洞，补丁获取链接：\r', '\r\n\t\t\t\t\t\t\t\t\t\t\t\r\n\t\t\t\t\t\t\t\t\t\t\t\thttps://helpx.adobe.com/security/products/bridge/apsb22-49.html', '\r\n\t\t\t\t\t\t\t\t\t\t\t\r\n\t\t\t\t\t\t\t\t\t\t']",https://www.cnvd.org.cn/patchInfo/show/352201,(暂无验证信息),2022/9/21,2022/9/22,2022/9/22,(无附件)
Huawei EMUI and Magic UI缓冲区溢出漏洞,CNVD-2022-64977,2022/9/22,"['\r\n\t\t\t\t\t\t\t\t\t\t\r\n\t\t\t\t\t\t\t\t\t\t\t \r\n\t\t\t\t\t\t\t\t\t\t\t \t\r\n\t\t\t\t\t\t\t\t\t\t\t\t', '\r\n\t\t\t\t\t\t\t\t\t\t\t\t\r\n\t\t\t\t\t\t\t\t\t\t\t\t高\r\n\t\t\t\t\t\t\t\t\t\t\t\t\r\n\t\t\t\t\t\t\t\t\t\t\t\t\r\n\t\t\t\t\t\t\t\t\t\t\t\t\t(', ')\r\n\t\t\t\t\t\t\t\t\t\t\t\t\r\n\t\t\t\t\t\t\t\t\t\t\t \r\n\t\t\t\t\t\t\t\t\t\t']",Huawei Huawei Emui 11.0.0,http://cve.mitre.org/cgi-bin/cvename.cgi?name=CVE-2022-39003,Huawei EMUI/Magic UI是中国华为（Huawei）公司的一款基于Android开发的移动端操作系统。Huawei EMUI/Magic UI存在缓冲区溢出漏洞，该漏洞源于视频框架中在处理不受信任的输入时出现边界错误。远程攻击者可利用该漏洞在系统上执行任意代码。,通用型漏洞,,"['\r\n\t\t\t\t\t\t\t\t\t\t\t\r\n\t\t\t\t\t\t\t\t\t\t\t\r\n\t\t\t\t\t\t\t\t\t\t\t\t厂商已发布了漏洞修复程序，请及时关注更新：\r', '\r\n\t\t\t\t\t\t\t\t\t\t\t\r\n\t\t\t\t\t\t\t\t\t\t\t\thttps://consumer.huawei.com/en/support/bulletin/2022/9/', '\r\n\t\t\t\t\t\t\t\t\t\t\t\r\n\t\t\t\t\t\t\t\t\t\t']",https://www.cnvd.org.cn/patchInfo/show/352226,(暂无验证信息),2022/9/20,2022/9/22,2022/9/22,(无附件)
Huawei HarmonyOS WLAN模块信息泄露漏洞,CNVD-2022-64979,2022/9/22,"['\r\n\t\t\t\t\t\t\t\t\t\t\r\n\t\t\t\t\t\t\t\t\t\t\t \r\n\t\t\t\t\t\t\t\t\t\t\t \t\r\n\t\t\t\t\t\t\t\t\t\t\t\t', '\r\n\t\t\t\t\t\t\t\t\t\t\t\t\r\n\t\t\t\t\t\t\t\t\t\t\t\t高\r\n\t\t\t\t\t\t\t\t\t\t\t\t\r\n\t\t\t\t\t\t\t\t\t\t\t\t\r\n\t\t\t\t\t\t\t\t\t\t\t\t\t(', ')\r\n\t\t\t\t\t\t\t\t\t\t\t\t\r\n\t\t\t\t\t\t\t\t\t\t\t \r\n\t\t\t\t\t\t\t\t\t\t']",Huawei HarmonyOS 2.0,http://cve.mitre.org/cgi-bin/cvename.cgi?name=CVE-2021-46836,Huawei HarmonyOS是中国华为（Huawei）公司的一个操作系统。提供一个基于微内核的全场景分布式操作系统。Huawei HarmonyOS存在信息泄露漏洞，该漏洞源于WLAN模块中接口对于敏感信息保护不足，攻击者可利用该漏洞导致机密性受影响。,通用型漏洞,,"['\r\n\t\t\t\t\t\t\t\t\t\t\t\r\n\t\t\t\t\t\t\t\t\t\t\t\r\n\t\t\t\t\t\t\t\t\t\t\t\t厂商已发布了漏洞修复程序，请及时关注更新：\r', '\r\n\t\t\t\t\t\t\t\t\t\t\t\r\n\t\t\t\t\t\t\t\t\t\t\t\thttps://device.harmonyos.com/cn/docs/security/update/security-bulletins-202209-0000001392078921', '\r\n\t\t\t\t\t\t\t\t\t\t\t\r\n\t\t\t\t\t\t\t\t\t\t']",https://www.cnvd.org.cn/patchInfo/show/352246,(暂无验证信息),2022/9/7,2022/9/22,2022/9/22,(无附件)
Secheron SEPCOS Control and Protection Relay权限提升漏洞,CNVD-2022-64988,2022/9/22,"['\r\n\t\t\t\t\t\t\t\t\t\t\r\n\t\t\t\t\t\t\t\t\t\t\t \r\n\t\t\t\t\t\t\t\t\t\t\t \t\r\n\t\t\t\t\t\t\t\t\t\t\t\t', '\r\n\t\t\t\t\t\t\t\t\t\t\t\t\r\n\t\t\t\t\t\t\t\t\t\t\t\t高\r\n\t\t\t\t\t\t\t\t\t\t\t\t\r\n\t\t\t\t\t\t\t\t\t\t\t\t\r\n\t\t\t\t\t\t\t\t\t\t\t\t\t(', ')\r\n\t\t\t\t\t\t\t\t\t\t\t\t\r\n\t\t\t\t\t\t\t\t\t\t\t \r\n\t\t\t\t\t\t\t\t\t\t']",Secheron SEPCOS Control and Protection Relay <1.23.21,http://cve.mitre.org/cgi-bin/cvename.cgi?name=CVE-2022-2104,Secheron SEPCOS Control and Protection Relay是Secheron的继电器。控制和保护您的直流面板和接触线免受短路和其他电气故障的影响，并受益于增强的通信功能。Secheron SEPCOS Control and Protection Relay存在权限提升漏洞，远程攻击者可利用该漏洞提交特殊的请求，可以应用程序上下文执行任意命令。,通用型漏洞,,"['\r\n\t\t\t\t\t\t\t\t\t\t\t\r\n\t\t\t\t\t\t\t\t\t\t\t\r\n\t\t\t\t\t\t\t\t\t\t\t\t厂商已发布了漏洞修复程序，请及时关注更新：\r', '\r\n\t\t\t\t\t\t\t\t\t\t\t\r\n\t\t\t\t\t\t\t\t\t\t\t\thttps://support.secheron.com/', '\r\n\t\t\t\t\t\t\t\t\t\t\t\r\n\t\t\t\t\t\t\t\t\t\t']",https://www.cnvd.org.cn/patchInfo/show/352361,(暂无验证信息),2022/6/27,2022/9/22,2022/9/22,(无附件)
Secheron SEPCOS Control and Protection Relay访问控制错误漏洞,CNVD-2022-64989,2022/9/22,"['\r\n\t\t\t\t\t\t\t\t\t\t\r\n\t\t\t\t\t\t\t\t\t\t\t \r\n\t\t\t\t\t\t\t\t\t\t\t \t\r\n\t\t\t\t\t\t\t\t\t\t\t\t\t', '\r\n\t\t\t\t\t\t\t\t\t\t\t\t\r\n\t\t\t\t\t\t\t\t\t\t\t\t中\r\n\t\t\t\t\t\t\t\t\t\t\t\t\r\n\t\t\t\t\t\t\t\t\t\t\t\t\r\n\t\t\t\t\t\t\t\t\t\t\t\t\t(', ')\r\n\t\t\t\t\t\t\t\t\t\t\t\t\r\n\t\t\t\t\t\t\t\t\t\t\t \r\n\t\t\t\t\t\t\t\t\t\t']",Secheron SEPCOS Control and Protection Relay <1.23.21,http://cve.mitre.org/cgi-bin/cvename.cgi?name=CVE-2022-2103,Secheron SEPCOS Control and Protection Relay是Secheron的继电器。控制和保护您的直流面板和接触线免受短路和其他电气故障的影响，并受益于增强的通信功能。Secheron SEPCOS Control and Protection Relay存在访问控制错误漏洞，远程攻击者可利用该漏洞读取敏感文件并写入远程可执行目录。,通用型漏洞,,"['\r\n\t\t\t\t\t\t\t\t\t\t\t\r\n\t\t\t\t\t\t\t\t\t\t\t\r\n\t\t\t\t\t\t\t\t\t\t\t\t厂商已发布了漏洞修复程序，请及时关注更新：\r', '\r\n\t\t\t\t\t\t\t\t\t\t\t\r\n\t\t\t\t\t\t\t\t\t\t\t\thttps://support.secheron.com/', '\r\n\t\t\t\t\t\t\t\t\t\t\t\r\n\t\t\t\t\t\t\t\t\t\t']",https://www.cnvd.org.cn/patchInfo/show/352356,(暂无验证信息),2022/6/27,2022/9/22,2022/9/22,(无附件)
Secheron SEPCOS Control and Protection Relay弱密码漏洞,CNVD-2022-64990,2022/9/22,"['\r\n\t\t\t\t\t\t\t\t\t\t\r\n\t\t\t\t\t\t\t\t\t\t\t \r\n\t\t\t\t\t\t\t\t\t\t\t \t\r\n\t\t\t\t\t\t\t\t\t\t\t\t', '\r\n\t\t\t\t\t\t\t\t\t\t\t\t\r\n\t\t\t\t\t\t\t\t\t\t\t\t高\r\n\t\t\t\t\t\t\t\t\t\t\t\t\r\n\t\t\t\t\t\t\t\t\t\t\t\t\r\n\t\t\t\t\t\t\t\t\t\t\t\t\t(', ')\r\n\t\t\t\t\t\t\t\t\t\t\t\t\r\n\t\t\t\t\t\t\t\t\t\t\t \r\n\t\t\t\t\t\t\t\t\t\t']",Secheron SEPCOS Control and Protection Relay <1.23.21,http://cve.mitre.org/cgi-bin/cvename.cgi?name=CVE-2022-1668,Secheron SEPCOS Control and Protection Relay是Secheron的继电器。控制和保护您的直流面板和接触线免受短路和其他电气故障的影响，并受益于增强的通信功能。Secheron SEPCOS Control and Protection Relay存在弱密码漏洞，远程攻击者可利用该漏洞通过开放的TCP端口轻松获得操作系统超级用户权限以进行SSH。,通用型漏洞,,"['\r\n\t\t\t\t\t\t\t\t\t\t\t\r\n\t\t\t\t\t\t\t\t\t\t\t\r\n\t\t\t\t\t\t\t\t\t\t\t\t厂商已发布了漏洞修复程序，请及时关注更新：\r', '\r\n\t\t\t\t\t\t\t\t\t\t\t\r\n\t\t\t\t\t\t\t\t\t\t\t\thttps://support.secheron.com/', '\r\n\t\t\t\t\t\t\t\t\t\t\t\r\n\t\t\t\t\t\t\t\t\t\t']",https://www.cnvd.org.cn/patchInfo/show/352351,(暂无验证信息),2022/6/27,2022/9/22,2022/9/22,(无附件)
LibreHealth EHR跨站脚本漏洞（CNVD-2022-65033）,CNVD-2022-65033,2022/9/22,"['\r\n\t\t\t\t\t\t\t\t\t\t\r\n\t\t\t\t\t\t\t\t\t\t\t \r\n\t\t\t\t\t\t\t\t\t\t\t \t\r\n\t\t\t\t\t\t\t\t\t\t\t\t\t', '\r\n\t\t\t\t\t\t\t\t\t\t\t\t\r\n\t\t\t\t\t\t\t\t\t\t\t\t中\r\n\t\t\t\t\t\t\t\t\t\t\t\t\r\n\t\t\t\t\t\t\t\t\t\t\t\t\r\n\t\t\t\t\t\t\t\t\t\t\t\t\t(', ')\r\n\t\t\t\t\t\t\t\t\t\t\t\t\r\n\t\t\t\t\t\t\t\t\t\t\t \r\n\t\t\t\t\t\t\t\t\t\t']",LibreHealth LibreHealth EHR 2.0.0,http://cve.mitre.org/cgi-bin/cvename.cgi?name=CVE-2022-31494,LibreHealth EHR是一个以临床为中心的电子健康记录 (EHR) 系统，其设计既易于开箱即用使用，也可定制用于各种医疗保健环境。LibreHealth EHR Base 2.0.0版本存在跨站脚本漏洞。该漏洞源于gacl/admin/acl_admin.php页面的action参数存在跨站脚本问题。攻击者可利用该漏洞执行跨站脚本攻击。,通用型漏洞,,"['\r\n\t\t\t\t\t\t\t\t\t\t\t\r\n\t\t\t\t\t\t\t\t\t\t\t\r\n\t\t\t\t\t\t\t\t\t\t\t\t厂商已发布了漏洞修复程序，请及时关注更新：\r', '\r\n\t\t\t\t\t\t\t\t\t\t\t\r\n\t\t\t\t\t\t\t\t\t\t\t\thttps://nitroteam.kz/index.php?action=researches&slug=librehealth2_r\r', '\r\n\t\t\t\t\t\t\t\t\t\t\t\r\n\t\t\t\t\t\t\t\t\t\t']",https://www.cnvd.org.cn/patchInfo/show/346181,已验证,2022/6/8,2022/9/22,2022/9/22,(无附件)
Owl Labs Meeting Owl授权问题漏洞（CNVD-2022-64972）,CNVD-2022-64972,2022/9/22,"['\r\n\t\t\t\t\t\t\t\t\t\t\r\n\t\t\t\t\t\t\t\t\t\t\t \r\n\t\t\t\t\t\t\t\t\t\t\t \t\r\n\t\t\t\t\t\t\t\t\t\t\t\t', '\r\n\t\t\t\t\t\t\t\t\t\t\t\t\r\n\t\t\t\t\t\t\t\t\t\t\t\t低\r\n\t\t\t\t\t\t\t\t\t\t\t\t\r\n\t\t\t\t\t\t\t\t\t\t\t\t\r\n\t\t\t\t\t\t\t\t\t\t\t\t\t(', ')\r\n\t\t\t\t\t\t\t\t\t\t\t\t\r\n\t\t\t\t\t\t\t\t\t\t\t \r\n\t\t\t\t\t\t\t\t\t\t']",Owl Labs Meeting Owl 5.2.0.15,http://cve.mitre.org/cgi-bin/cvename.cgi?name=CVE-2022-31461,Owl Labs Meeting Owl是美国Owl Labs公司的一款视频会议设备。配备一系列摄像头和麦克风，可捕捉360度视频和音频，并自动聚焦在发言者身上，使会议更具活力和包容性。Owl Labs Meeting Owl 5.2.0.15版本存在授权问题漏洞，攻击者可利用该漏洞使用某个c 11消息停用密码保护机制。,通用型漏洞,,"['\r\n\t\t\t\t\t\t\t\t\t\t\t\r\n\t\t\t\t\t\t\t\t\t\t\t\r\n\t\t\t\t\t\t\t\t\t\t\t\t厂商已发布了漏洞修复程序，请及时关注更新：\r', '\r\n\t\t\t\t\t\t\t\t\t\t\t\r\n\t\t\t\t\t\t\t\t\t\t\t\thttps://owllabs.com/ ', '\r\n\t\t\t\t\t\t\t\t\t\t\t\r\n\t\t\t\t\t\t\t\t\t\t']",https://www.cnvd.org.cn/patchInfo/show/352316,(暂无验证信息),2022/6/8,2022/9/22,2022/9/22,(无附件)
Illumina Local Run Manager代码注入漏洞,CNVD-2022-64998,2022/9/22,"['\r\n\t\t\t\t\t\t\t\t\t\t\r\n\t\t\t\t\t\t\t\t\t\t\t \r\n\t\t\t\t\t\t\t\t\t\t\t \t\r\n\t\t\t\t\t\t\t\t\t\t\t\t', '\r\n\t\t\t\t\t\t\t\t\t\t\t\t\r\n\t\t\t\t\t\t\t\t\t\t\t\t高\r\n\t\t\t\t\t\t\t\t\t\t\t\t\r\n\t\t\t\t\t\t\t\t\t\t\t\t\r\n\t\t\t\t\t\t\t\t\t\t\t\t\t(', ')\r\n\t\t\t\t\t\t\t\t\t\t\t\t\r\n\t\t\t\t\t\t\t\t\t\t\t \r\n\t\t\t\t\t\t\t\t\t\t']",Illumina Local Run Manager (LRM) >=1.3，<=3.1,http://cve.mitre.org/cgi-bin/cvename.cgi?name=CVE-2022-1517,Illumina Local Run Manager是美国Illumina公司的一种集成解决方案。旨在创建测序运行、监控运行状态、分析测序数据和查看结果。Illumina Local Run Manager存在代码注入漏洞，攻击者可利用该漏洞在操作系统级别远程上传和执行代码。,通用型漏洞,,"['\r\n\t\t\t\t\t\t\t\t\t\t\t\r\n\t\t\t\t\t\t\t\t\t\t\t\r\n\t\t\t\t\t\t\t\t\t\t\t\t厂商已发布了漏洞修复程序，请及时关注更新：\r', '\r\n\t\t\t\t\t\t\t\t\t\t\t\r\n\t\t\t\t\t\t\t\t\t\t\t\thttps://support.illumina.com/downloads/illumina-local-run-manager-1.0.html', '\r\n\t\t\t\t\t\t\t\t\t\t\t\r\n\t\t\t\t\t\t\t\t\t\t']",https://www.cnvd.org.cn/patchInfo/show/352396,(暂无验证信息),2022/6/5,2022/9/22,2022/9/22,(无附件)
WordPress StaffList plugin SQL注入漏洞,CNVD-2022-65196,2022/9/22,"['\r\n\t\t\t\t\t\t\t\t\t\t\r\n\t\t\t\t\t\t\t\t\t\t\t \r\n\t\t\t\t\t\t\t\t\t\t\t \t\r\n\t\t\t\t\t\t\t\t\t\t\t\t', '\r\n\t\t\t\t\t\t\t\t\t\t\t\t\r\n\t\t\t\t\t\t\t\t\t\t\t\t高\r\n\t\t\t\t\t\t\t\t\t\t\t\t\r\n\t\t\t\t\t\t\t\t\t\t\t\t\r\n\t\t\t\t\t\t\t\t\t\t\t\t\t(', ')\r\n\t\t\t\t\t\t\t\t\t\t\t\t\r\n\t\t\t\t\t\t\t\t\t\t\t \r\n\t\t\t\t\t\t\t\t\t\t']",WordPress StaffList plugin <3.1.5,http://cve.mitre.org/cgi-bin/cvename.cgi?name=CVE-2022-1556,WordPress和WordPress plugin都是WordPress基金会的产品。WordPress是一套使用PHP语言开发的博客平台。该平台支持在PHP和MySQL的服务器上架设个人博客网站。WordPress plugin是一个应用插件。WordPress StaffList plugin 3.1.5之前版本存在SQL注入漏洞，该漏洞源于在admin dashboard中搜索员工输入的参数在用于拼接SQL语句时未经过正确的清理和转义。攻击者可利用该漏洞执行非法SQL命令窃取数据库敏感数据。,通用型漏洞,,"['\r\n\t\t\t\t\t\t\t\t\t\t\t\r\n\t\t\t\t\t\t\t\t\t\t\t\r\n\t\t\t\t\t\t\t\t\t\t\t\t厂商已发布了漏洞修复程序，请及时关注更新：\r', '\r\n\t\t\t\t\t\t\t\t\t\t\t\r\n\t\t\t\t\t\t\t\t\t\t\t\thttps://wpscan.com/vulnerability/04890549-6bd1-44dd-8bce-7125c01be5d4', '\r\n\t\t\t\t\t\t\t\t\t\t\t\r\n\t\t\t\t\t\t\t\t\t\t']",https://www.cnvd.org.cn/patchInfo/show/344766,已验证,2022/6/1,2022/9/22,2022/9/22,(无附件)
WordPress WPCargo Track & Traces plugin跨站脚本漏洞,CNVD-2022-65205,2022/9/22,"['\r\n\t\t\t\t\t\t\t\t\t\t\r\n\t\t\t\t\t\t\t\t\t\t\t \r\n\t\t\t\t\t\t\t\t\t\t\t \t\r\n\t\t\t\t\t\t\t\t\t\t\t\t\t', '\r\n\t\t\t\t\t\t\t\t\t\t\t\t\r\n\t\t\t\t\t\t\t\t\t\t\t\t中\r\n\t\t\t\t\t\t\t\t\t\t\t\t\r\n\t\t\t\t\t\t\t\t\t\t\t\t\r\n\t\t\t\t\t\t\t\t\t\t\t\t\t(', ')\r\n\t\t\t\t\t\t\t\t\t\t\t\t\r\n\t\t\t\t\t\t\t\t\t\t\t \r\n\t\t\t\t\t\t\t\t\t\t']",WordPress WPCargo Track & Traces plugin <6.9.5,http://cve.mitre.org/cgi-bin/cvename.cgi?name=CVE-2022-1436,WordPress和WordPress plugin都是WordPress基金会的产品。WordPress是一套使用PHP语言开发的博客平台。该平台支持在PHP和MySQL的服务器上架设个人博客网站。WordPress plugin是一个应用插件。WordPress WPCargo Track & Traces plugin 6.9.5之前版本存在跨站脚本漏洞，该漏洞源于在将wpcargo_tracking_number参数输出回页面之前未能进行清理和转义。攻击者可利用该漏洞在客户端执行JavaScript代码。,通用型漏洞,,"['\r\n\t\t\t\t\t\t\t\t\t\t\t\r\n\t\t\t\t\t\t\t\t\t\t\t\r\n\t\t\t\t\t\t\t\t\t\t\t\t厂商已发布了漏洞修复程序，请及时关注更新：\r', '\r\n\t\t\t\t\t\t\t\t\t\t\t\r\n\t\t\t\t\t\t\t\t\t\t\t\thttps://wpscan.com/vulnerability/d5c6f894-6ad1-46f4-bd77-17ad9234cfc3', '\r\n\t\t\t\t\t\t\t\t\t\t\t\r\n\t\t\t\t\t\t\t\t\t\t']",https://www.cnvd.org.cn/patchInfo/show/344961,已验证,2022/5/18,2022/9/22,2022/9/22,(无附件)
WordPress WPQAs plugin授权问题漏洞,CNVD-2022-65206,2022/9/22,"['\r\n\t\t\t\t\t\t\t\t\t\t\r\n\t\t\t\t\t\t\t\t\t\t\t \r\n\t\t\t\t\t\t\t\t\t\t\t \t\r\n\t\t\t\t\t\t\t\t\t\t\t\t\t', '\r\n\t\t\t\t\t\t\t\t\t\t\t\t\r\n\t\t\t\t\t\t\t\t\t\t\t\t中\r\n\t\t\t\t\t\t\t\t\t\t\t\t\r\n\t\t\t\t\t\t\t\t\t\t\t\t\r\n\t\t\t\t\t\t\t\t\t\t\t\t\t(', ')\r\n\t\t\t\t\t\t\t\t\t\t\t\t\r\n\t\t\t\t\t\t\t\t\t\t\t \r\n\t\t\t\t\t\t\t\t\t\t']",WordPress WPQAs plugin <5.2,http://cve.mitre.org/cgi-bin/cvename.cgi?name=CVE-2022-1349,WordPress和WordPress plugin都是WordPress基金会的产品。WordPress是一套使用PHP语言开发的博客平台。该平台支持在PHP和MySQL的服务器上架设个人博客网站。WordPress plugin是一个应用插件。WordPress WPQAs plugin 5.2之前版本存在授权问题漏洞，该漏洞源于未验证传递给ajax操作的wpqa_remove_image的image_id参数值是否属于请求用户。攻击者可利用该漏洞删除任何其他用户的个人资料图片。,通用型漏洞,,"['\r\n\t\t\t\t\t\t\t\t\t\t\t\r\n\t\t\t\t\t\t\t\t\t\t\t\r\n\t\t\t\t\t\t\t\t\t\t\t\t厂商已发布了漏洞修复程序，请及时关注更新：\r', '\r\n\t\t\t\t\t\t\t\t\t\t\t\r\n\t\t\t\t\t\t\t\t\t\t\t\thttps://wpscan.com/vulnerability/7ee95a53-5fe9-404c-a77a-d1218265e4aa', '\r\n\t\t\t\t\t\t\t\t\t\t\t\r\n\t\t\t\t\t\t\t\t\t\t']",https://www.cnvd.org.cn/patchInfo/show/346426,已验证,2022/5/18,2022/9/22,2022/9/22,(无附件)
WordPress WPQA plugin访问控制错误漏洞,CNVD-2022-65207,2022/9/22,"['\r\n\t\t\t\t\t\t\t\t\t\t\r\n\t\t\t\t\t\t\t\t\t\t\t \r\n\t\t\t\t\t\t\t\t\t\t\t \t\r\n\t\t\t\t\t\t\t\t\t\t\t\t\t', '\r\n\t\t\t\t\t\t\t\t\t\t\t\t\r\n\t\t\t\t\t\t\t\t\t\t\t\t中\r\n\t\t\t\t\t\t\t\t\t\t\t\t\r\n\t\t\t\t\t\t\t\t\t\t\t\t\r\n\t\t\t\t\t\t\t\t\t\t\t\t\t(', ')\r\n\t\t\t\t\t\t\t\t\t\t\t\t\r\n\t\t\t\t\t\t\t\t\t\t\t \r\n\t\t\t\t\t\t\t\t\t\t']",WordPress WPQAs plugin <5.2,http://cve.mitre.org/cgi-bin/cvename.cgi?name=CVE-2022-1425,WordPress和WordPress plugin都是WordPress基金会的产品。WordPress是一套使用PHP语言开发的博客平台。该平台支持在PHP和MySQL的服务器上架设个人博客网站。WordPress plugin是一个应用插件。WordPress WPQA plugin 5.2之前版本存在访问控制错误漏洞，该漏洞源于未能验证wpqa_message_view ajax操作的message_id是否属于请求用户，任何经过身份验证攻击者可利用该漏洞都能够阅读其他用户的消息。,通用型漏洞,,"['\r\n\t\t\t\t\t\t\t\t\t\t\t\r\n\t\t\t\t\t\t\t\t\t\t\t\r\n\t\t\t\t\t\t\t\t\t\t\t\t厂商已发布了漏洞修复程序，请及时关注更新：\r', '\r\n\t\t\t\t\t\t\t\t\t\t\t\r\n\t\t\t\t\t\t\t\t\t\t\t\thttps://wpscan.com/vulnerability/b110e2f7-4aa3-47b5-a8f2-0a7fe53cc467', '\r\n\t\t\t\t\t\t\t\t\t\t\t\r\n\t\t\t\t\t\t\t\t\t\t']",https://www.cnvd.org.cn/patchInfo/show/347196,已验证,2022/5/18,2022/9/22,2022/9/22,(无附件)
WordPress Ubigeo de Peru plugin SQL注入漏洞,CNVD-2022-65214,2022/9/22,"['\r\n\t\t\t\t\t\t\t\t\t\t\r\n\t\t\t\t\t\t\t\t\t\t\t \r\n\t\t\t\t\t\t\t\t\t\t\t \t\r\n\t\t\t\t\t\t\t\t\t\t\t\t', '\r\n\t\t\t\t\t\t\t\t\t\t\t\t\r\n\t\t\t\t\t\t\t\t\t\t\t\t高\r\n\t\t\t\t\t\t\t\t\t\t\t\t\r\n\t\t\t\t\t\t\t\t\t\t\t\t\r\n\t\t\t\t\t\t\t\t\t\t\t\t\t(', ')\r\n\t\t\t\t\t\t\t\t\t\t\t\t\r\n\t\t\t\t\t\t\t\t\t\t\t \r\n\t\t\t\t\t\t\t\t\t\t']",WordPress Ubigeo de Peru <3.6.4,http://cve.mitre.org/cgi-bin/cvename.cgi?name=CVE-2022-0814,WordPress和WordPress plugin都是WordPress基金会的产品。WordPress是一套使用PHP语言开发的博客平台。该平台支持在PHP和MySQL的服务器上架设个人博客网站。WordPress plugin是一个应用插件。WordPress Ubigeo de Peru plugin3.6.4之前版本存在SQL注入漏洞，该漏洞源于插件在通过AJAX操作传递的某些参数在用于拼接SQL语句之前未进行正确清理和转义。未经身份验证的攻击者可利用该漏洞执行非法SQL命令窃取数据库敏感数据。,通用型漏洞,,"['\r\n\t\t\t\t\t\t\t\t\t\t\t\r\n\t\t\t\t\t\t\t\t\t\t\t\r\n\t\t\t\t\t\t\t\t\t\t\t\t厂商已发布了漏洞修复程序，请及时关注更新：\r', '\r\n\t\t\t\t\t\t\t\t\t\t\t\r\n\t\t\t\t\t\t\t\t\t\t\t\thttps://wpscan.com/vulnerability/fd84dc08-0079-4fcf-81c3-a61d652e3269', '\r\n\t\t\t\t\t\t\t\t\t\t\t\r\n\t\t\t\t\t\t\t\t\t\t']",https://www.cnvd.org.cn/patchInfo/show/350556,已验证,2022/5/11,2022/9/22,2022/9/22,(无附件)
WordPress Forms by Pie Forms plugin跨站脚本漏洞,CNVD-2022-64662,2022/9/21,"['\r\n\t\t\t\t\t\t\t\t\t\t\r\n\t\t\t\t\t\t\t\t\t\t\t \r\n\t\t\t\t\t\t\t\t\t\t\t \t\r\n\t\t\t\t\t\t\t\t\t\t\t\t', '\r\n\t\t\t\t\t\t\t\t\t\t\t\t\r\n\t\t\t\t\t\t\t\t\t\t\t\t低\r\n\t\t\t\t\t\t\t\t\t\t\t\t\r\n\t\t\t\t\t\t\t\t\t\t\t\t\r\n\t\t\t\t\t\t\t\t\t\t\t\t\t(', ')\r\n\t\t\t\t\t\t\t\t\t\t\t\t\r\n\t\t\t\t\t\t\t\t\t\t\t \r\n\t\t\t\t\t\t\t\t\t\t']",WordPress Forms by Pie Forms plugin <1.4.9.4,http://cve.mitre.org/cgi-bin/cvename.cgi?name=CVE-2022-1569,WordPress和WordPress plugin都是WordPress基金会的产品。WordPress是一套使用PHP语言开发的博客平台。该平台支持在PHP和MySQL的服务器上架设个人博客网站。WordPress plugin是一个应用插件。Forms by Pie Forms plugin 1.4.9.4之前版本存在跨站脚本漏洞，该漏洞源于未能清理和转义一些表单字段。攻击者可利用该漏洞在客户端执行JavaScript代码。,通用型漏洞,,"['\r\n\t\t\t\t\t\t\t\t\t\t\t\r\n\t\t\t\t\t\t\t\t\t\t\t\r\n\t\t\t\t\t\t\t\t\t\t\t\t厂商已发布了漏洞修复程序，请及时关注更新：\r', '\r\n\t\t\t\t\t\t\t\t\t\t\t\r\n\t\t\t\t\t\t\t\t\t\t\t\thttps://wpscan.com/vulnerability/5a2756c1-9abf-4fd6-8ce2-9f840514dfcc', '\r\n\t\t\t\t\t\t\t\t\t\t\t\r\n\t\t\t\t\t\t\t\t\t\t']",https://www.cnvd.org.cn/patchInfo/show/345866,已验证,2022/6/13,2022/9/21,2022/9/21,(无附件)
WordPress Logo Slider plugin SQL注入漏洞,CNVD-2022-64663,2022/9/21,"['\r\n\t\t\t\t\t\t\t\t\t\t\r\n\t\t\t\t\t\t\t\t\t\t\t \r\n\t\t\t\t\t\t\t\t\t\t\t \t\r\n\t\t\t\t\t\t\t\t\t\t\t\t\t', '\r\n\t\t\t\t\t\t\t\t\t\t\t\t\r\n\t\t\t\t\t\t\t\t\t\t\t\t中\r\n\t\t\t\t\t\t\t\t\t\t\t\t\r\n\t\t\t\t\t\t\t\t\t\t\t\t\r\n\t\t\t\t\t\t\t\t\t\t\t\t\t(', ')\r\n\t\t\t\t\t\t\t\t\t\t\t\t\r\n\t\t\t\t\t\t\t\t\t\t\t \r\n\t\t\t\t\t\t\t\t\t\t']",WordPress Logo Slider plugin <=1.4.8,http://cve.mitre.org/cgi-bin/cvename.cgi?name=CVE-2022-1687,WordPress和WordPress plugin都是WordPress基金会的产品。WordPress是一套使用PHP语言开发的博客平台。该平台支持在PHP和MySQL的服务器上架设个人博客网站。WordPress plugin是一个应用插件。WordPress Logo Slider plugin 1.4.8及其之前版本存在SQL注入漏洞，该漏洞源于插件在Manage Slider Images管理页面中使用的lsp_slider_id参数未能过滤和转义。攻击者可利用该漏洞执行非法SQL命令窃取数据库敏感数据。,通用型漏洞,,"['\r\n\t\t\t\t\t\t\t\t\t\t\t\r\n\t\t\t\t\t\t\t\t\t\t\t\r\n\t\t\t\t\t\t\t\t\t\t\t\t厂商已发布了漏洞修复程序，请及时关注更新：\r', '\r\n\t\t\t\t\t\t\t\t\t\t\t\r\n\t\t\t\t\t\t\t\t\t\t\t\thttps://wpscan.com/vulnerability/e7506906-5c3d-4963-ae24-55f18c3e5081', '\r\n\t\t\t\t\t\t\t\t\t\t\t\r\n\t\t\t\t\t\t\t\t\t\t']",https://www.cnvd.org.cn/patchInfo/show/352086,已验证,2022/6/13,2022/9/21,2022/9/21,(无附件)
WordPress Note Press plugin SQL注入漏洞,CNVD-2022-64664,2022/9/21,"['\r\n\t\t\t\t\t\t\t\t\t\t\r\n\t\t\t\t\t\t\t\t\t\t\t \r\n\t\t\t\t\t\t\t\t\t\t\t \t\r\n\t\t\t\t\t\t\t\t\t\t\t\t\t', '\r\n\t\t\t\t\t\t\t\t\t\t\t\t\r\n\t\t\t\t\t\t\t\t\t\t\t\t中\r\n\t\t\t\t\t\t\t\t\t\t\t\t\r\n\t\t\t\t\t\t\t\t\t\t\t\t\r\n\t\t\t\t\t\t\t\t\t\t\t\t\t(', ')\r\n\t\t\t\t\t\t\t\t\t\t\t\t\r\n\t\t\t\t\t\t\t\t\t\t\t \r\n\t\t\t\t\t\t\t\t\t\t']",WordPress Note Press plugin <=0.1.10,http://cve.mitre.org/cgi-bin/cvename.cgi?name=CVE-2022-1690,WordPress和WordPress plugin都是WordPress基金会的产品。WordPress是一套使用PHP语言开发的博客平台。该平台支持在PHP和MySQL的服务器上架设个人博客网站。WordPress plugin是一个应用插件。WordPress Note Press plugin 0.1.10及之前版本存在SQL注入漏洞，该漏洞源于未能清理和转义ID参数的SQL语句。攻击者可利用该漏洞执行非法SQL命令窃取数据库敏感数据。,通用型漏洞,,"['\r\n\t\t\t\t\t\t\t\t\t\t\t\r\n\t\t\t\t\t\t\t\t\t\t\t\r\n\t\t\t\t\t\t\t\t\t\t\t\t厂商已发布了漏洞修复程序，请及时关注更新：\r', '\r\n\t\t\t\t\t\t\t\t\t\t\t\r\n\t\t\t\t\t\t\t\t\t\t\t\thttps://wpscan.com/vulnerability/54e16f0a-667c-44ea-98ad-0306c4a35d9d', '\r\n\t\t\t\t\t\t\t\t\t\t\t\r\n\t\t\t\t\t\t\t\t\t\t']",https://www.cnvd.org.cn/patchInfo/show/347001,已验证,2022/6/13,2022/9/21,2022/9/21,(无附件)
WordPress Note Press plugin SQL注入漏洞（CNVD-2022-64665）,CNVD-2022-64665,2022/9/21,"['\r\n\t\t\t\t\t\t\t\t\t\t\r\n\t\t\t\t\t\t\t\t\t\t\t \r\n\t\t\t\t\t\t\t\t\t\t\t \t\r\n\t\t\t\t\t\t\t\t\t\t\t\t\t', '\r\n\t\t\t\t\t\t\t\t\t\t\t\t\r\n\t\t\t\t\t\t\t\t\t\t\t\t中\r\n\t\t\t\t\t\t\t\t\t\t\t\t\r\n\t\t\t\t\t\t\t\t\t\t\t\t\r\n\t\t\t\t\t\t\t\t\t\t\t\t\t(', ')\r\n\t\t\t\t\t\t\t\t\t\t\t\t\r\n\t\t\t\t\t\t\t\t\t\t\t \r\n\t\t\t\t\t\t\t\t\t\t']",WordPress Note Press plugin <=0.1.10,http://cve.mitre.org/cgi-bin/cvename.cgi?name=CVE-2022-1689,WordPress和WordPress plugin都是WordPress基金会的产品。WordPress是一套使用PHP语言开发的博客平台。该平台支持在PHP和MySQL的服务器上架设个人博客网站。FormCraft是使用在其中的一款表单创建插件。WordPress plugin是一个应用插件。WordPress Note Press plugin 0.1.10及其之前版本存在SQL注入漏洞，该漏洞源于插件在通过管理仪表板更新注释时使用的更新参数未能过滤和转义。攻击者可利用该漏洞执行非法SQL命令窃取数据库敏感数据。,通用型漏洞,,"['\r\n\t\t\t\t\t\t\t\t\t\t\t\r\n\t\t\t\t\t\t\t\t\t\t\t\r\n\t\t\t\t\t\t\t\t\t\t\t\t厂商已发布了漏洞修复程序，请及时关注更新：\r', '\r\n\t\t\t\t\t\t\t\t\t\t\t\r\n\t\t\t\t\t\t\t\t\t\t\t\thttps://wpscan.com/vulnerability/982f84a1-216d-41ed-87bd-433b695cec28', '\r\n\t\t\t\t\t\t\t\t\t\t\t\r\n\t\t\t\t\t\t\t\t\t\t']",https://www.cnvd.org.cn/patchInfo/show/347006,已验证,2022/6/13,2022/9/21,2022/9/21,(无附件)
WordPress Photo Gallery plugin跨站脚本漏洞,CNVD-2022-64666,2022/9/21,"['\r\n\t\t\t\t\t\t\t\t\t\t\r\n\t\t\t\t\t\t\t\t\t\t\t \r\n\t\t\t\t\t\t\t\t\t\t\t \t\r\n\t\t\t\t\t\t\t\t\t\t\t\t', '\r\n\t\t\t\t\t\t\t\t\t\t\t\t\r\n\t\t\t\t\t\t\t\t\t\t\t\t低\r\n\t\t\t\t\t\t\t\t\t\t\t\t\r\n\t\t\t\t\t\t\t\t\t\t\t\t\r\n\t\t\t\t\t\t\t\t\t\t\t\t\t(', ')\r\n\t\t\t\t\t\t\t\t\t\t\t\t\r\n\t\t\t\t\t\t\t\t\t\t\t \r\n\t\t\t\t\t\t\t\t\t\t']",WordPress Photo Gallery Plugin <1.6.4,http://cve.mitre.org/cgi-bin/cvename.cgi?name=CVE-2022-1394,WordPress和WordPress plugin都是WordPress基金会的产品。WordPress是一套使用PHP语言开发的博客平台。该平台支持在PHP和MySQL的服务器上架设个人博客网站。WordPress plugin是一个应用插件。WordPress Photo Gallery plugin 1.6.4之前版本存在跨站脚本漏洞，该漏洞源于未能正确验证和转义其某些设置。攻击者可利用该漏洞在客户端执行JavaScript代码。,通用型漏洞,,"['\r\n\t\t\t\t\t\t\t\t\t\t\t\r\n\t\t\t\t\t\t\t\t\t\t\t\r\n\t\t\t\t\t\t\t\t\t\t\t\t厂商已发布了漏洞修复程序，请及时关注更新：\r', '\r\n\t\t\t\t\t\t\t\t\t\t\t\r\n\t\t\t\t\t\t\t\t\t\t\t\thttps://wpscan.com/vulnerability/f7a0df37-3204-4926-84ec-2204a2f22de3', '\r\n\t\t\t\t\t\t\t\t\t\t\t\r\n\t\t\t\t\t\t\t\t\t\t']",https://www.cnvd.org.cn/patchInfo/show/345936,已验证,2022/6/13,2022/9/21,2022/9/21,(无附件)
WordPress Realty Workstation plugin SQL注入漏洞,CNVD-2022-64667,2022/9/21,"['\r\n\t\t\t\t\t\t\t\t\t\t\r\n\t\t\t\t\t\t\t\t\t\t\t \r\n\t\t\t\t\t\t\t\t\t\t\t \t\r\n\t\t\t\t\t\t\t\t\t\t\t\t\t', '\r\n\t\t\t\t\t\t\t\t\t\t\t\t\r\n\t\t\t\t\t\t\t\t\t\t\t\t中\r\n\t\t\t\t\t\t\t\t\t\t\t\t\r\n\t\t\t\t\t\t\t\t\t\t\t\t\r\n\t\t\t\t\t\t\t\t\t\t\t\t\t(', ')\r\n\t\t\t\t\t\t\t\t\t\t\t\t\r\n\t\t\t\t\t\t\t\t\t\t\t \r\n\t\t\t\t\t\t\t\t\t\t']",WordPress Realty Workstation plugin <1.0.15,http://cve.mitre.org/cgi-bin/cvename.cgi?name=CVE-2022-1691,WordPress和WordPress plugin都是WordPress基金会的产品。WordPress是一套使用PHP语言开发的博客平台。该平台支持在PHP和MySQL的服务器上架设个人博客网站。WordPress plugin是一个应用插件。WordPress Realty Workstation plugin 1.0.15之前版本存在SQL注入漏洞，该漏洞源于插件在代理编辑事务时在SQL语句中使用它之前未能清理和转义trans_edit参数。攻击者可利用该漏洞执行非法SQL命令窃取数据库敏感数据。,通用型漏洞,,"['\r\n\t\t\t\t\t\t\t\t\t\t\t\r\n\t\t\t\t\t\t\t\t\t\t\t\r\n\t\t\t\t\t\t\t\t\t\t\t\t厂商已发布了漏洞修复程序，请及时关注更新：\r', '\r\n\t\t\t\t\t\t\t\t\t\t\t\r\n\t\t\t\t\t\t\t\t\t\t\t\thttps://wpscan.com/vulnerability/f9363b4c-c434-4f15-93f8-46162d2d7049', '\r\n\t\t\t\t\t\t\t\t\t\t\t\r\n\t\t\t\t\t\t\t\t\t\t']",https://www.cnvd.org.cn/patchInfo/show/347011,已验证,2022/6/13,2022/9/21,2022/9/21,(无附件)
WordPress theme Ask me plugin跨站脚本漏洞,CNVD-2022-64668,2022/9/21,"['\r\n\t\t\t\t\t\t\t\t\t\t\r\n\t\t\t\t\t\t\t\t\t\t\t \r\n\t\t\t\t\t\t\t\t\t\t\t \t\r\n\t\t\t\t\t\t\t\t\t\t\t\t\t', '\r\n\t\t\t\t\t\t\t\t\t\t\t\t\r\n\t\t\t\t\t\t\t\t\t\t\t\t中\r\n\t\t\t\t\t\t\t\t\t\t\t\t\r\n\t\t\t\t\t\t\t\t\t\t\t\t\r\n\t\t\t\t\t\t\t\t\t\t\t\t\t(', ')\r\n\t\t\t\t\t\t\t\t\t\t\t\t\r\n\t\t\t\t\t\t\t\t\t\t\t \r\n\t\t\t\t\t\t\t\t\t\t']",WordPress theme Ask me plugin <6.8.2,http://cve.mitre.org/cgi-bin/cvename.cgi?name=CVE-2022-1241,WordPress和WordPress plugin都是WordPress基金会的产品。WordPress是一套使用PHP语言开发的博客平台。该平台支持在PHP和MySQL的服务器上架设个人博客网站。WordPress plugin是一个应用插件。WordPress theme Ask me plugin 6.8.2之前版本存在跨站脚本漏洞，该漏洞源于未正确清理和转义编辑配置文件页面中的几个字段，攻击者可利用该漏洞在客户端执行JavaScript代码。,通用型漏洞,,"['\r\n\t\t\t\t\t\t\t\t\t\t\t\r\n\t\t\t\t\t\t\t\t\t\t\t\r\n\t\t\t\t\t\t\t\t\t\t\t\t厂商已发布了漏洞修复程序，请及时关注更新：\r', '\r\n\t\t\t\t\t\t\t\t\t\t\t\r\n\t\t\t\t\t\t\t\t\t\t\t\thttps://wpscan.com/vulnerability/3258393a-eafb-4356-994e-2ff8ce223c9b', '\r\n\t\t\t\t\t\t\t\t\t\t\t\r\n\t\t\t\t\t\t\t\t\t\t']",https://www.cnvd.org.cn/patchInfo/show/345946,已验证,2022/6/13,2022/9/21,2022/9/21,(无附件)
WordPress theme Ask me plugin跨站请求伪造漏洞,CNVD-2022-64669,2022/9/21,"['\r\n\t\t\t\t\t\t\t\t\t\t\r\n\t\t\t\t\t\t\t\t\t\t\t \r\n\t\t\t\t\t\t\t\t\t\t\t \t\r\n\t\t\t\t\t\t\t\t\t\t\t\t\t', '\r\n\t\t\t\t\t\t\t\t\t\t\t\t\r\n\t\t\t\t\t\t\t\t\t\t\t\t中\r\n\t\t\t\t\t\t\t\t\t\t\t\t\r\n\t\t\t\t\t\t\t\t\t\t\t\t\r\n\t\t\t\t\t\t\t\t\t\t\t\t\t(', ')\r\n\t\t\t\t\t\t\t\t\t\t\t\t\r\n\t\t\t\t\t\t\t\t\t\t\t \r\n\t\t\t\t\t\t\t\t\t\t']",WordPress theme Ask me plugin <6.8.2,http://cve.mitre.org/cgi-bin/cvename.cgi?name=CVE-2022-1424,WordPress和WordPress plugin都是WordPress基金会的产品。WordPress是一套使用PHP语言开发的博客平台。该平台支持在PHP和MySQL的服务器上架设个人博客网站。WordPress plugin是一个应用插件。WordPress theme Ask me plugin 6.8.2之前版本存在跨站请求伪造漏洞，该漏洞源于未能对其任何AJAX操作执行跨站请求伪造检查。攻击者可利用该漏洞在站点上执行各种操作。,通用型漏洞,,"['\r\n\t\t\t\t\t\t\t\t\t\t\t\r\n\t\t\t\t\t\t\t\t\t\t\t\r\n\t\t\t\t\t\t\t\t\t\t\t\t厂商已发布了漏洞修复程序，请及时关注更新：\r', '\r\n\t\t\t\t\t\t\t\t\t\t\t\r\n\t\t\t\t\t\t\t\t\t\t\t\thttps://wpscan.com/vulnerability/147b4097-dec8-4542-b122-7b237db81c05', '\r\n\t\t\t\t\t\t\t\t\t\t\t\r\n\t\t\t\t\t\t\t\t\t\t']",https://www.cnvd.org.cn/patchInfo/show/346636,已验证,2022/6/13,2022/9/21,2022/9/21,(无附件)
WooCommerce Green Wallet Gateway WordPress plugin跨站脚本漏洞,CNVD-2022-64670,2022/9/21,"['\r\n\t\t\t\t\t\t\t\t\t\t\r\n\t\t\t\t\t\t\t\t\t\t\t \r\n\t\t\t\t\t\t\t\t\t\t\t \t\r\n\t\t\t\t\t\t\t\t\t\t\t\t\t', '\r\n\t\t\t\t\t\t\t\t\t\t\t\t\r\n\t\t\t\t\t\t\t\t\t\t\t\t中\r\n\t\t\t\t\t\t\t\t\t\t\t\t\r\n\t\t\t\t\t\t\t\t\t\t\t\t\r\n\t\t\t\t\t\t\t\t\t\t\t\t\t(', ')\r\n\t\t\t\t\t\t\t\t\t\t\t\t\r\n\t\t\t\t\t\t\t\t\t\t\t \r\n\t\t\t\t\t\t\t\t\t\t']",WordPress WooCommerce Green Wallet Gateway WordPress <1.0.2,http://cve.mitre.org/cgi-bin/cvename.cgi?name=CVE-2022-1673,WordPress和WordPress plugin都是WordPress基金会的产品。WordPress是一套使用PHP语言开发的博客平台。该平台支持在PHP和MySQL的服务器上架设个人博客网站。WordPress plugin是一个应用插件。WooCommerce Green Wallet Gateway WordPress plugin 1.0.2之前版本中存在跨站脚本漏洞，该漏洞源于插件未能对error_envision查询参数进行转义。攻击者可利用该漏洞导致反射跨站脚本漏洞。,通用型漏洞,,"['\r\n\t\t\t\t\t\t\t\t\t\t\t\r\n\t\t\t\t\t\t\t\t\t\t\t\r\n\t\t\t\t\t\t\t\t\t\t\t\t厂商已发布了漏洞修复程序，请及时关注更新:\r', '\r\n\t\t\t\t\t\t\t\t\t\t\t\r\n\t\t\t\t\t\t\t\t\t\t\t\thttps://wpscan.com/vulnerability/14283389-a6b8-4dd8-9441-f16fcc4ab3c0', '\r\n\t\t\t\t\t\t\t\t\t\t\t\r\n\t\t\t\t\t\t\t\t\t\t']",https://www.cnvd.org.cn/patchInfo/show/345971,已验证,2022/6/10,2022/9/21,2022/9/21,(无附件)
WordPress plugin CP Image Store with Slideshow SQL注入漏洞,CNVD-2022-64671,2022/9/21,"['\r\n\t\t\t\t\t\t\t\t\t\t\r\n\t\t\t\t\t\t\t\t\t\t\t \r\n\t\t\t\t\t\t\t\t\t\t\t \t\r\n\t\t\t\t\t\t\t\t\t\t\t\t', '\r\n\t\t\t\t\t\t\t\t\t\t\t\t\r\n\t\t\t\t\t\t\t\t\t\t\t\t高\r\n\t\t\t\t\t\t\t\t\t\t\t\t\r\n\t\t\t\t\t\t\t\t\t\t\t\t\r\n\t\t\t\t\t\t\t\t\t\t\t\t\t(', ')\r\n\t\t\t\t\t\t\t\t\t\t\t\t\r\n\t\t\t\t\t\t\t\t\t\t\t \r\n\t\t\t\t\t\t\t\t\t\t']",WordPress CP Image Store with Slideshow <1.0.68,http://cve.mitre.org/cgi-bin/cvename.cgi?name=CVE-2022-1692,WordPress和WordPress plugin都是WordPress基金会的产品。WordPress是一套使用PHP语言开发的博客平台。该平台支持在PHP和MySQL的服务器上架设个人博客网站。WordPress plugin是一个应用插件。WordPress plugin CP Image Store with Slideshow 1.0.68之前版本存在SQL注入漏洞，该漏洞源于插件对查询参数ordering_by前未能过滤和转义。未经身份验证的攻击者可利用该漏洞执行SQL注入攻击。,通用型漏洞,,"['\r\n\t\t\t\t\t\t\t\t\t\t\t\r\n\t\t\t\t\t\t\t\t\t\t\t\r\n\t\t\t\t\t\t\t\t\t\t\t\t厂商已发布了漏洞修复程序，请及时关注更新：\r', '\r\n\t\t\t\t\t\t\t\t\t\t\t\r\n\t\t\t\t\t\t\t\t\t\t\t\thttps://wpscan.com/vulnerability/83bae80c-f583-4d89-8282-e6384bbc7571', '\r\n\t\t\t\t\t\t\t\t\t\t\t\r\n\t\t\t\t\t\t\t\t\t\t']",https://www.cnvd.org.cn/patchInfo/show/347021,已验证,2022/6/10,2022/9/21,2022/9/21,(无附件)
Cambium Networks cnMaestro SQL注入漏洞,CNVD-2022-64240,2022/9/21,"['\r\n\t\t\t\t\t\t\t\t\t\t\r\n\t\t\t\t\t\t\t\t\t\t\t \r\n\t\t\t\t\t\t\t\t\t\t\t \t\r\n\t\t\t\t\t\t\t\t\t\t\t\t\t', '\r\n\t\t\t\t\t\t\t\t\t\t\t\t\r\n\t\t\t\t\t\t\t\t\t\t\t\t中\r\n\t\t\t\t\t\t\t\t\t\t\t\t\r\n\t\t\t\t\t\t\t\t\t\t\t\t\r\n\t\t\t\t\t\t\t\t\t\t\t\t\t(', ')\r\n\t\t\t\t\t\t\t\t\t\t\t\t\r\n\t\t\t\t\t\t\t\t\t\t\t \r\n\t\t\t\t\t\t\t\t\t\t']",Cambium Networks cnMaestro <3.0.3-r32,http://cve.mitre.org/cgi-bin/cvename.cgi?name=CVE-2022-1358,Cambium Networks cnMaestro是Cambium Networks的一个基于云的或本地软件平台，用于安全的端到端网络控制。Cambium Networks cnMaestro存在SQL注入漏洞。攻击者利用该漏洞可过滤并转储cnMaestro数据库中的所有数据。,通用型漏洞,,"['\r\n\t\t\t\t\t\t\t\t\t\t\t\r\n\t\t\t\t\t\t\t\t\t\t\t\r\n\t\t\t\t\t\t\t\t\t\t\t\t目前厂商已发布升级补丁以修复漏洞，详情请关注厂商主页：\r', '\r\n\t\t\t\t\t\t\t\t\t\t\t\r\n\t\t\t\t\t\t\t\t\t\t\t\thttps://www.cambiumnetworks.com/ ', '\r\n\t\t\t\t\t\t\t\t\t\t\t\r\n\t\t\t\t\t\t\t\t\t\t']",https://www.cnvd.org.cn/patchInfo/show/351696,(暂无验证信息),2022/5/13,2022/9/20,2022/9/20,(无附件)
Cambium Networks cnMaestro操作系统命令注入漏洞,CNVD-2022-64241,2022/9/21,"['\r\n\t\t\t\t\t\t\t\t\t\t\r\n\t\t\t\t\t\t\t\t\t\t\t \r\n\t\t\t\t\t\t\t\t\t\t\t \t\r\n\t\t\t\t\t\t\t\t\t\t\t\t', '\r\n\t\t\t\t\t\t\t\t\t\t\t\t\r\n\t\t\t\t\t\t\t\t\t\t\t\t高\r\n\t\t\t\t\t\t\t\t\t\t\t\t\r\n\t\t\t\t\t\t\t\t\t\t\t\t\r\n\t\t\t\t\t\t\t\t\t\t\t\t\t(', ')\r\n\t\t\t\t\t\t\t\t\t\t\t\t\r\n\t\t\t\t\t\t\t\t\t\t\t \r\n\t\t\t\t\t\t\t\t\t\t']",Cambium Networks cnMaestro <3.0.3-r32,http://cve.mitre.org/cgi-bin/cvename.cgi?name=CVE-2022-1357,Cambium Networks cnMaestro是Cambium Networks的一个基于云的或本地软件平台，用于安全的端到端网络控制。Cambium Networks cnMaestro存在操作系统命令注入漏洞。攻击者利用该漏洞可访问cnMaestro服务器并以Web服务器的权限执行任意代码。,通用型漏洞,,"['\r\n\t\t\t\t\t\t\t\t\t\t\t\r\n\t\t\t\t\t\t\t\t\t\t\t\r\n\t\t\t\t\t\t\t\t\t\t\t\t目前厂商已发布升级补丁以修复漏洞，详情请关注厂商主页：\r', '\r\n\t\t\t\t\t\t\t\t\t\t\t\r\n\t\t\t\t\t\t\t\t\t\t\t\thttps://www.cambiumnetworks.com/ ', '\r\n\t\t\t\t\t\t\t\t\t\t\t\r\n\t\t\t\t\t\t\t\t\t\t']",https://www.cnvd.org.cn/patchInfo/show/351701,(暂无验证信息),2022/5/13,2022/9/20,2022/9/20,(无附件)
Samsung SMR代码问题漏洞（CNVD-2022-64247）,CNVD-2022-64247,2022/9/21,"['\r\n\t\t\t\t\t\t\t\t\t\t\r\n\t\t\t\t\t\t\t\t\t\t\t \r\n\t\t\t\t\t\t\t\t\t\t\t \t\r\n\t\t\t\t\t\t\t\t\t\t\t\t', '\r\n\t\t\t\t\t\t\t\t\t\t\t\t\r\n\t\t\t\t\t\t\t\t\t\t\t\t高\r\n\t\t\t\t\t\t\t\t\t\t\t\t\r\n\t\t\t\t\t\t\t\t\t\t\t\t\r\n\t\t\t\t\t\t\t\t\t\t\t\t\t(', ')\r\n\t\t\t\t\t\t\t\t\t\t\t\t\r\n\t\t\t\t\t\t\t\t\t\t\t \r\n\t\t\t\t\t\t\t\t\t\t']",Google Android 10.0,http://cve.mitre.org/cgi-bin/cvename.cgi?name=CVE-2022-26094,Samsung SMR是韩国三星（Samsung）公司的一个系统补丁包。提供了三星手机应用的补丁程序。Samsung SMR存在代码问题漏洞，攻击者可利用该漏洞越界写入。,通用型漏洞,,"['\r\n\t\t\t\t\t\t\t\t\t\t\t\r\n\t\t\t\t\t\t\t\t\t\t\t\r\n\t\t\t\t\t\t\t\t\t\t\t\t目前厂商已发布升级补丁以修复漏洞，补丁获取链接： \r', '\r\n\t\t\t\t\t\t\t\t\t\t\t\r\n\t\t\t\t\t\t\t\t\t\t\t\thttps://security.samsungmobile.com/securityUpdate.smsb?year=2022&month=4', '\r\n\t\t\t\t\t\t\t\t\t\t\t\r\n\t\t\t\t\t\t\t\t\t\t']",https://www.cnvd.org.cn/patchInfo/show/351791,(暂无验证信息),2022/4/22,2022/9/20,2022/9/20,(无附件)
Aruba ClearPass Policy Manager身份验证绕过漏洞（CNVD-2022-64232）,CNVD-2022-64232,2022/9/20,"['\r\n\t\t\t\t\t\t\t\t\t\t\r\n\t\t\t\t\t\t\t\t\t\t\t \r\n\t\t\t\t\t\t\t\t\t\t\t \t\r\n\t\t\t\t\t\t\t\t\t\t\t\t', '\r\n\t\t\t\t\t\t\t\t\t\t\t\t\r\n\t\t\t\t\t\t\t\t\t\t\t\t高\r\n\t\t\t\t\t\t\t\t\t\t\t\t\r\n\t\t\t\t\t\t\t\t\t\t\t\t\r\n\t\t\t\t\t\t\t\t\t\t\t\t\t(', ')\r\n\t\t\t\t\t\t\t\t\t\t\t\t\r\n\t\t\t\t\t\t\t\t\t\t\t \r\n\t\t\t\t\t\t\t\t\t\t']",Aruba Networks ClearPass Policy Manager  <=6.10.4,http://cve.mitre.org/cgi-bin/cvename.cgi?name=CVE-2022-23658,Aruba ClearPass Policy Manager是美国Aruba公司的一个应用系统提供无线网络安全接入管理系统Aruba ClearPass Policy Manager存在身份验证绕过漏洞，攻击者可利用该漏洞绕过身份验证导致远程代码执行。,通用型漏洞,,"['\r\n\t\t\t\t\t\t\t\t\t\t\t\r\n\t\t\t\t\t\t\t\t\t\t\t\r\n\t\t\t\t\t\t\t\t\t\t\t\t厂商已发布了漏洞修复程序，请及时关注更新：\r', '\r\n\t\t\t\t\t\t\t\t\t\t\t\r\n\t\t\t\t\t\t\t\t\t\t\t\thttps://www.arubanetworks.com/assets/alert/ARUBA-PSA-2022-007.txt', '\r\n\t\t\t\t\t\t\t\t\t\t\t\r\n\t\t\t\t\t\t\t\t\t\t']",https://www.cnvd.org.cn/patchInfo/show/351641,(暂无验证信息),2022/5/18,2022/9/20,2022/9/20,(无附件)
Aruba ClearPass Policy Manager信息泄露漏洞（CNVD-2022-64233）,CNVD-2022-64233,2022/9/20,"['\r\n\t\t\t\t\t\t\t\t\t\t\r\n\t\t\t\t\t\t\t\t\t\t\t \r\n\t\t\t\t\t\t\t\t\t\t\t \t\r\n\t\t\t\t\t\t\t\t\t\t\t\t\t', '\r\n\t\t\t\t\t\t\t\t\t\t\t\t\r\n\t\t\t\t\t\t\t\t\t\t\t\t中\r\n\t\t\t\t\t\t\t\t\t\t\t\t\r\n\t\t\t\t\t\t\t\t\t\t\t\t\r\n\t\t\t\t\t\t\t\t\t\t\t\t\t(', ')\r\n\t\t\t\t\t\t\t\t\t\t\t\t\r\n\t\t\t\t\t\t\t\t\t\t\t \r\n\t\t\t\t\t\t\t\t\t\t']",Aruba Networks ClearPass Policy Manager  <=6.10.4,http://cve.mitre.org/cgi-bin/cvename.cgi?name=CVE-2022-23670,Aruba ClearPass Policy Manager是美国Aruba公司的一个应用系统提供无线网络安全接入管理系统Aruba ClearPass Policy Manager存在信息泄露漏洞，通过低权限身份验证的远程攻击者可利用该漏洞访问敏感信息。,通用型漏洞,,"['\r\n\t\t\t\t\t\t\t\t\t\t\t\r\n\t\t\t\t\t\t\t\t\t\t\t\r\n\t\t\t\t\t\t\t\t\t\t\t\t厂商已发布了漏洞修复程序，请及时关注更新：\r', '\r\n\t\t\t\t\t\t\t\t\t\t\t\r\n\t\t\t\t\t\t\t\t\t\t\t\thttps://www.arubanetworks.com/assets/alert/ARUBA-PSA-2022-007.txt', '\r\n\t\t\t\t\t\t\t\t\t\t\t\r\n\t\t\t\t\t\t\t\t\t\t']",https://www.cnvd.org.cn/patchInfo/show/351636,(暂无验证信息),2022/5/18,2022/9/20,2022/9/20,(无附件)
Aruba ClearPass Policy Manager远程身份验证绕过漏洞（CNVD-2022-64234）,CNVD-2022-64234,2022/9/20,"['\r\n\t\t\t\t\t\t\t\t\t\t\r\n\t\t\t\t\t\t\t\t\t\t\t \r\n\t\t\t\t\t\t\t\t\t\t\t \t\r\n\t\t\t\t\t\t\t\t\t\t\t\t', '\r\n\t\t\t\t\t\t\t\t\t\t\t\t\r\n\t\t\t\t\t\t\t\t\t\t\t\t高\r\n\t\t\t\t\t\t\t\t\t\t\t\t\r\n\t\t\t\t\t\t\t\t\t\t\t\t\r\n\t\t\t\t\t\t\t\t\t\t\t\t\t(', ')\r\n\t\t\t\t\t\t\t\t\t\t\t\t\r\n\t\t\t\t\t\t\t\t\t\t\t \r\n\t\t\t\t\t\t\t\t\t\t']",Aruba Networks ClearPass Policy Manager  <=6.10.4,http://cve.mitre.org/cgi-bin/cvename.cgi?name=CVE-2022-23657,Aruba ClearPass Policy Manager是美国Aruba公司的一个应用系统提供无线网络安全接入管理系统。Aruba ClearPass Policy Manager存在远程身份验证绕过漏洞，攻击者可利用该漏洞绕过身份验证导致远程代码执行。,通用型漏洞,,"['\r\n\t\t\t\t\t\t\t\t\t\t\t\r\n\t\t\t\t\t\t\t\t\t\t\t\r\n\t\t\t\t\t\t\t\t\t\t\t\t厂商已发布了漏洞修复程序，请及时关注更新：\r', '\r\n\t\t\t\t\t\t\t\t\t\t\t\r\n\t\t\t\t\t\t\t\t\t\t\t\thttps://www.arubanetworks.com/assets/alert/ARUBA-PSA-2022-007.txt', '\r\n\t\t\t\t\t\t\t\t\t\t\t\r\n\t\t\t\t\t\t\t\t\t\t']",https://www.cnvd.org.cn/patchInfo/show/351626,(暂无验证信息),2022/5/18,2022/9/20,2022/9/20,(无附件)
Clam AntiVirus缓冲区溢出漏洞（CNVD-2022-64259）,CNVD-2022-64259,2022/9/20,"['\r\n\t\t\t\t\t\t\t\t\t\t\r\n\t\t\t\t\t\t\t\t\t\t\t \r\n\t\t\t\t\t\t\t\t\t\t\t \t\r\n\t\t\t\t\t\t\t\t\t\t\t\t\t', '\r\n\t\t\t\t\t\t\t\t\t\t\t\t\r\n\t\t\t\t\t\t\t\t\t\t\t\t中\r\n\t\t\t\t\t\t\t\t\t\t\t\t\r\n\t\t\t\t\t\t\t\t\t\t\t\t\r\n\t\t\t\t\t\t\t\t\t\t\t\t\t(', ')\r\n\t\t\t\t\t\t\t\t\t\t\t\t\r\n\t\t\t\t\t\t\t\t\t\t\t \r\n\t\t\t\t\t\t\t\t\t\t']",Clam AntiVirus Clam AntiVirus 0.104.2,http://cve.mitre.org/cgi-bin/cvename.cgi?name=CVE-2022-20796,Clam AntiVirus是一款用于检测木马，病毒，恶意软件和其他恶意威胁的开源杀毒引擎。Clam AntiVirus存在缓冲区溢出漏洞，经过身份认证的本地攻击者可利用该漏洞导致拒绝服务。,通用型漏洞,,"['\r\n\t\t\t\t\t\t\t\t\t\t\t\r\n\t\t\t\t\t\t\t\t\t\t\t\r\n\t\t\t\t\t\t\t\t\t\t\t\t厂商已发布了漏洞修复程序，请及时关注更新：\r', '\r\n\t\t\t\t\t\t\t\t\t\t\t\r\n\t\t\t\t\t\t\t\t\t\t\t\thttps://blog.clamav.net/2022/05/clamav-01050-01043-01036-released.html', '\r\n\t\t\t\t\t\t\t\t\t\t\t\r\n\t\t\t\t\t\t\t\t\t\t']",https://www.cnvd.org.cn/patchInfo/show/351841,(暂无验证信息),2022/5/7,2022/9/20,2022/9/20,(无附件)
MISP跨站脚本漏洞（CNVD-2022-64094）,CNVD-2022-64094,2022/9/20,"['\r\n\t\t\t\t\t\t\t\t\t\t\r\n\t\t\t\t\t\t\t\t\t\t\t \r\n\t\t\t\t\t\t\t\t\t\t\t \t\r\n\t\t\t\t\t\t\t\t\t\t\t\t', '\r\n\t\t\t\t\t\t\t\t\t\t\t\t\r\n\t\t\t\t\t\t\t\t\t\t\t\t低\r\n\t\t\t\t\t\t\t\t\t\t\t\t\r\n\t\t\t\t\t\t\t\t\t\t\t\t\r\n\t\t\t\t\t\t\t\t\t\t\t\t\t(', ')\r\n\t\t\t\t\t\t\t\t\t\t\t\t\r\n\t\t\t\t\t\t\t\t\t\t\t \r\n\t\t\t\t\t\t\t\t\t\t']",MISP MISP <2.4.158,http://cve.mitre.org/cgi-bin/cvename.cgi?name=CVE-2022-29532,MISP是一套开源的软件解决方案。该产品用于收集、存储、分发、共享网络安全指标，并具有威胁网络安全事件分析和恶意软件分析等功能。MISP 2.4.158之前版本存在跨站脚本漏洞，攻击者可利用该漏洞执行恶意代码、篡改页面实施钓鱼攻击、以及诱导用户再次登录，然后获取其登录凭证等。,通用型漏洞,,"['\r\n\t\t\t\t\t\t\t\t\t\t\t\r\n\t\t\t\t\t\t\t\t\t\t\t\r\n\t\t\t\t\t\t\t\t\t\t\t\t厂商已发布了漏洞修复程序，请及时关注更新：\r', '\r\n\t\t\t\t\t\t\t\t\t\t\t\r\n\t\t\t\t\t\t\t\t\t\t\t\thttps://github.com/MISP/MISP/commit/60c85b80e3ab05c3ef015bca5630e95eddbb1436', '\r\n\t\t\t\t\t\t\t\t\t\t\t\r\n\t\t\t\t\t\t\t\t\t\t']",https://www.cnvd.org.cn/patchInfo/show/351471,(暂无验证信息),2022/4/21,2022/9/20,2022/9/20,(无附件)
MISP跨站脚本漏洞（CNVD-2022-64095）,CNVD-2022-64095,2022/9/20,"['\r\n\t\t\t\t\t\t\t\t\t\t\r\n\t\t\t\t\t\t\t\t\t\t\t \r\n\t\t\t\t\t\t\t\t\t\t\t \t\r\n\t\t\t\t\t\t\t\t\t\t\t\t\t', '\r\n\t\t\t\t\t\t\t\t\t\t\t\t\r\n\t\t\t\t\t\t\t\t\t\t\t\t中\r\n\t\t\t\t\t\t\t\t\t\t\t\t\r\n\t\t\t\t\t\t\t\t\t\t\t\t\r\n\t\t\t\t\t\t\t\t\t\t\t\t\t(', ')\r\n\t\t\t\t\t\t\t\t\t\t\t\t\r\n\t\t\t\t\t\t\t\t\t\t\t \r\n\t\t\t\t\t\t\t\t\t\t']",MISP MISP <2.4.158,http://cve.mitre.org/cgi-bin/cvename.cgi?name=CVE-2022-29533,MISP是一套开源的软件解决方案。该产品用于收集、存储、分发、共享网络安全指标，并具有威胁网络安全事件分析和恶意软件分析等功能。MISP 2.4.158之前版本中存在跨站脚本漏洞，攻击者可利用该漏洞执行恶意代码、篡改页面实施钓鱼攻击、以及诱导用户再次登录，然后获取其登录凭证等。,通用型漏洞,,"['\r\n\t\t\t\t\t\t\t\t\t\t\t\r\n\t\t\t\t\t\t\t\t\t\t\t\r\n\t\t\t\t\t\t\t\t\t\t\t\t厂商已发布了漏洞修复程序，请及时关注更新：\r', '\r\n\t\t\t\t\t\t\t\t\t\t\t\r\n\t\t\t\t\t\t\t\t\t\t\t\thttps://github.com/MISP/MISP/commit/ce6bc88e330f5ef50666b149d86c0d94f545f24e', '\r\n\t\t\t\t\t\t\t\t\t\t\t\r\n\t\t\t\t\t\t\t\t\t\t']",https://www.cnvd.org.cn/patchInfo/show/351476,(暂无验证信息),2022/4/21,2022/9/20,2022/9/20,(无附件)
Softwarebuero Zauner ARC信息泄露漏洞,CNVD-2022-64105,2022/9/20,"['\r\n\t\t\t\t\t\t\t\t\t\t\r\n\t\t\t\t\t\t\t\t\t\t\t \r\n\t\t\t\t\t\t\t\t\t\t\t \t\r\n\t\t\t\t\t\t\t\t\t\t\t\t', '\r\n\t\t\t\t\t\t\t\t\t\t\t\t\r\n\t\t\t\t\t\t\t\t\t\t\t\t低\r\n\t\t\t\t\t\t\t\t\t\t\t\t\r\n\t\t\t\t\t\t\t\t\t\t\t\t\r\n\t\t\t\t\t\t\t\t\t\t\t\t\t(', ')\r\n\t\t\t\t\t\t\t\t\t\t\t\t\r\n\t\t\t\t\t\t\t\t\t\t\t \r\n\t\t\t\t\t\t\t\t\t\t']",Softwarebuero Zauner ARC Softwarebuero Zauner ARC 4.2.0.4,http://cve.mitre.org/cgi-bin/cvename.cgi?name=CVE-2021-45894,Softwarebuero Zauner ARC是一个应用系统。Softwarebuero Zauner ARC 4.2.0.4版本存在信息泄露漏洞，该漏洞源于敏感信息的明文传输。攻击者可利用该漏洞获取敏感信息。,通用型漏洞,,"['\r\n\t\t\t\t\t\t\t\t\t\t\t\r\n\t\t\t\t\t\t\t\t\t\t\t\r\n\t\t\t\t\t\t\t\t\t\t\t\t厂商已发布了漏洞修复程序，请及时关注更新：\r', '\r\n\t\t\t\t\t\t\t\t\t\t\t\r\n\t\t\t\t\t\t\t\t\t\t\t\thttps://www.zamik.de/system/fuhrparkmanagement', '\r\n\t\t\t\t\t\t\t\t\t\t\t\r\n\t\t\t\t\t\t\t\t\t\t']",https://www.cnvd.org.cn/patchInfo/show/348551,已验证,2022/4/7,2022/9/20,2022/9/20,(无附件)
Joomla!跨站脚本漏洞（CNVD-2022-64101）,CNVD-2022-64101,2022/9/20,"['\r\n\t\t\t\t\t\t\t\t\t\t\r\n\t\t\t\t\t\t\t\t\t\t\t \r\n\t\t\t\t\t\t\t\t\t\t\t \t\r\n\t\t\t\t\t\t\t\t\t\t\t\t\t', '\r\n\t\t\t\t\t\t\t\t\t\t\t\t\r\n\t\t\t\t\t\t\t\t\t\t\t\t中\r\n\t\t\t\t\t\t\t\t\t\t\t\t\r\n\t\t\t\t\t\t\t\t\t\t\t\t\r\n\t\t\t\t\t\t\t\t\t\t\t\t\t(', ')\r\n\t\t\t\t\t\t\t\t\t\t\t\t\r\n\t\t\t\t\t\t\t\t\t\t\t \r\n\t\t\t\t\t\t\t\t\t\t']",Joomla Joomla! >=4.0.0，<=4.1.0,http://cve.mitre.org/cgi-bin/cvename.cgi?name=CVE-2022-23801,Joomla!是一套使用在Joomla!内容管理系统中的论坛组件。Joomla! 4.0.0至4.1.0版本存在跨站脚本漏洞，该漏洞源于处理SVG图像时未充分对用户提供数据进行清理与转义，攻击者可利用该漏洞在易受攻击的网站上传恶意SVG图像并在用户浏览器中执行任意HTML和脚本代码。,通用型漏洞,,"['\r\n\t\t\t\t\t\t\t\t\t\t\t\r\n\t\t\t\t\t\t\t\t\t\t\t\r\n\t\t\t\t\t\t\t\t\t\t\t\t厂商已发布了漏洞修复程序，请及时关注更新：\r', '\r\n\t\t\t\t\t\t\t\t\t\t\t\r\n\t\t\t\t\t\t\t\t\t\t\t\thttp://developer.joomla.org/security-centre/878-20220309-core-xss-attack-vector-through-svg.html', '\r\n\t\t\t\t\t\t\t\t\t\t\t\r\n\t\t\t\t\t\t\t\t\t\t']",https://www.cnvd.org.cn/patchInfo/show/351511,(暂无验证信息),2022/3/31,2022/9/20,2022/9/20,(无附件)
Multipass拒绝服务漏洞,CNVD-2022-66012,2022/9/19,"['\r\n\t\t\t\t\t\t\t\t\t\t\r\n\t\t\t\t\t\t\t\t\t\t\t \r\n\t\t\t\t\t\t\t\t\t\t\t \t\r\n\t\t\t\t\t\t\t\t\t\t\t\t\t', '\r\n\t\t\t\t\t\t\t\t\t\t\t\t\r\n\t\t\t\t\t\t\t\t\t\t\t\t中\r\n\t\t\t\t\t\t\t\t\t\t\t\t\r\n\t\t\t\t\t\t\t\t\t\t\t\t\r\n\t\t\t\t\t\t\t\t\t\t\t\t\t(', ')\r\n\t\t\t\t\t\t\t\t\t\t\t\t\r\n\t\t\t\t\t\t\t\t\t\t\t \r\n\t\t\t\t\t\t\t\t\t\t']",Multipass Multipass <3.647.0,http://cve.mitre.org/cgi-bin/cvename.cgi?name=CVE-2022-27889,Multipass是一个适用于Linux、Windows和MacOS的轻量级Vm管理器。Multipass 3.647.0之前版本存在拒绝服务漏洞。攻击者可利用该漏洞造成应用拒绝服务。,通用型漏洞,,"['\r\n\t\t\t\t\t\t\t\t\t\t\t\r\n\t\t\t\t\t\t\t\t\t\t\t\r\n\t\t\t\t\t\t\t\t\t\t\t\t厂商已发布了漏洞修复程序，请及时关注更新：\r', '\r\n\t\t\t\t\t\t\t\t\t\t\t\r\n\t\t\t\t\t\t\t\t\t\t\t\thttps://github.com/palantir/security-bulletins/blob/main/PLTRSEC-2022-02.md', '\r\n\t\t\t\t\t\t\t\t\t\t\t\r\n\t\t\t\t\t\t\t\t\t\t']",https://www.cnvd.org.cn/patchInfo/show/351126,(暂无验证信息),2022/6/20,2022/9/27,2022/9/27,(无附件)
Nginx NJS拒绝服务漏洞（CNVD-2022-66505）,CNVD-2022-66505,2022/9/19,"['\r\n\t\t\t\t\t\t\t\t\t\t\r\n\t\t\t\t\t\t\t\t\t\t\t \r\n\t\t\t\t\t\t\t\t\t\t\t \t\r\n\t\t\t\t\t\t\t\t\t\t\t\t', '\r\n\t\t\t\t\t\t\t\t\t\t\t\t\r\n\t\t\t\t\t\t\t\t\t\t\t\t低\r\n\t\t\t\t\t\t\t\t\t\t\t\t\r\n\t\t\t\t\t\t\t\t\t\t\t\t\r\n\t\t\t\t\t\t\t\t\t\t\t\t\t(', ')\r\n\t\t\t\t\t\t\t\t\t\t\t\t\r\n\t\t\t\t\t\t\t\t\t\t\t \r\n\t\t\t\t\t\t\t\t\t\t']",Nginx Nginx NJS v0.7.2,http://cve.mitre.org/cgi-bin/cvename.cgi?name=CVE-2022-30503,Nginx是美国Nginx公司的一款轻量级Web服务器/反向代理服务器及电子邮件（IMAP/POP3）代理服务器。njs是其中的一个支持扩展NGINX功能的脚本语言组件。Nginx NJS v0.7.2版本存在拒绝服务漏洞，该漏洞源于src/njs_value.h的njs_set_number函数中包含分段错误。攻击者可利用该漏洞导致拒绝服务。,通用型漏洞,,"['\r\n\t\t\t\t\t\t\t\t\t\t\t\r\n\t\t\t\t\t\t\t\t\t\t\t\r\n\t\t\t\t\t\t\t\t\t\t\t\t厂商已发布了漏洞修复程序，请及时关注更新：\r', '\r\n\t\t\t\t\t\t\t\t\t\t\t\r\n\t\t\t\t\t\t\t\t\t\t\t\thttps://github.com/nginx/njs/issues/478', '\r\n\t\t\t\t\t\t\t\t\t\t\t\r\n\t\t\t\t\t\t\t\t\t\t']",https://www.cnvd.org.cn/patchInfo/show/351211,已验证,2022/6/9,2022/9/29,2022/9/29,(无附件)
Nginx NJS拒绝服务漏洞（CNVD-2022-66506）,CNVD-2022-66506,2022/9/19,"['\r\n\t\t\t\t\t\t\t\t\t\t\r\n\t\t\t\t\t\t\t\t\t\t\t \r\n\t\t\t\t\t\t\t\t\t\t\t \t\r\n\t\t\t\t\t\t\t\t\t\t\t\t', '\r\n\t\t\t\t\t\t\t\t\t\t\t\t\r\n\t\t\t\t\t\t\t\t\t\t\t\t低\r\n\t\t\t\t\t\t\t\t\t\t\t\t\r\n\t\t\t\t\t\t\t\t\t\t\t\t\r\n\t\t\t\t\t\t\t\t\t\t\t\t\t(', ')\r\n\t\t\t\t\t\t\t\t\t\t\t\t\r\n\t\t\t\t\t\t\t\t\t\t\t \r\n\t\t\t\t\t\t\t\t\t\t']",Nginx Nginx NJS v0.7.2,http://cve.mitre.org/cgi-bin/cvename.cgi?name=CVE-2022-29779,Nginx是美国Nginx公司的一款轻量级Web服务器/反向代理服务器及电子邮件（IMAP/POP3）代理服务器。njs是其中的一个支持扩展NGINX功能的脚本语言组件。Nginx NJS v0.7.2版本存在拒绝服务漏洞，该漏洞源于在src/njs_value.c的njs_value_own_enumerate函数中包含分段违规。攻击者可利用该漏洞导致拒绝服务。,通用型漏洞,,"['\r\n\t\t\t\t\t\t\t\t\t\t\t\r\n\t\t\t\t\t\t\t\t\t\t\t\r\n\t\t\t\t\t\t\t\t\t\t\t\t厂商已发布了漏洞修复程序，请及时关注更新：\r', '\r\n\t\t\t\t\t\t\t\t\t\t\t\r\n\t\t\t\t\t\t\t\t\t\t\t\thttps://github.com/nginx/njs/commit/2e00e95473861846aa8538be87db07699d9f676d', '\r\n\t\t\t\t\t\t\t\t\t\t\t\r\n\t\t\t\t\t\t\t\t\t\t']",https://www.cnvd.org.cn/patchInfo/show/351216,已验证,2022/6/9,2022/9/29,2022/9/29,(无附件)
GPAC拒绝服务漏洞（CNVD-2022-66666）,CNVD-2022-66666,2022/9/19,"['\r\n\t\t\t\t\t\t\t\t\t\t\r\n\t\t\t\t\t\t\t\t\t\t\t \r\n\t\t\t\t\t\t\t\t\t\t\t \t\r\n\t\t\t\t\t\t\t\t\t\t\t\t\t', '\r\n\t\t\t\t\t\t\t\t\t\t\t\t\r\n\t\t\t\t\t\t\t\t\t\t\t\t中\r\n\t\t\t\t\t\t\t\t\t\t\t\t\r\n\t\t\t\t\t\t\t\t\t\t\t\t\r\n\t\t\t\t\t\t\t\t\t\t\t\t\t(', ')\r\n\t\t\t\t\t\t\t\t\t\t\t\t\r\n\t\t\t\t\t\t\t\t\t\t\t \r\n\t\t\t\t\t\t\t\t\t\t']",GPAC GPAC <1.0.1,http://cve.mitre.org/cgi-bin/cvename.cgi?name=CVE-2021-40592,GPAC是一款多媒体框架。GPAC 1.0.1之前的版本存在拒绝服务漏洞，该漏洞源于提交之前的GPAC版本在ISOBMFF读取器过滤器isoffin_read.c中包含无法到达退出条件（“无限循环”）漏洞的循环。攻击者可利用该漏洞发起拒绝服务攻击。,通用型漏洞,,"['\r\n\t\t\t\t\t\t\t\t\t\t\t\r\n\t\t\t\t\t\t\t\t\t\t\t\r\n\t\t\t\t\t\t\t\t\t\t\t\t厂商已发布了漏洞修复程序，请及时关注更新：\r', '\r\n\t\t\t\t\t\t\t\t\t\t\t\r\n\t\t\t\t\t\t\t\t\t\t\t\thttps://github.com/gpac/gpac/commit/71460d72ec07df766dab0a4d52687529f3efcf0a', '\r\n\t\t\t\t\t\t\t\t\t\t\t\r\n\t\t\t\t\t\t\t\t\t\t']",https://www.cnvd.org.cn/patchInfo/show/351266,(暂无验证信息),2022/6/9,2022/9/29,2022/9/29,(无附件)
Google Chrome WebShare内存错误引用漏洞,CNVD-2022-63921,2022/9/19,"['\r\n\t\t\t\t\t\t\t\t\t\t\r\n\t\t\t\t\t\t\t\t\t\t\t \r\n\t\t\t\t\t\t\t\t\t\t\t \t\r\n\t\t\t\t\t\t\t\t\t\t\t\t\t', '\r\n\t\t\t\t\t\t\t\t\t\t\t\t\r\n\t\t\t\t\t\t\t\t\t\t\t\t中\r\n\t\t\t\t\t\t\t\t\t\t\t\t\r\n\t\t\t\t\t\t\t\t\t\t\t\t\r\n\t\t\t\t\t\t\t\t\t\t\t\t\t(', ')\r\n\t\t\t\t\t\t\t\t\t\t\t\t\r\n\t\t\t\t\t\t\t\t\t\t\t \r\n\t\t\t\t\t\t\t\t\t\t']",Google Chrome <99.0.4844.51,http://cve.mitre.org/cgi-bin/cvename.cgi?name=CVE-2022-0794,Google Chrome是美国谷歌（Google）公司的一款Web浏览器。Google Chrome WebShare存在内存错误引用漏洞，该漏洞源于程序负责释放内存的指令发生混乱，攻击者可利用此漏洞在系统上执行任意代码或造成拒绝服务情况。,通用型漏洞,,"['\r\n\t\t\t\t\t\t\t\t\t\t\t\r\n\t\t\t\t\t\t\t\t\t\t\t\r\n\t\t\t\t\t\t\t\t\t\t\t\t厂商已发布了漏洞修复程序，请及时关注更新：\r', '\r\n\t\t\t\t\t\t\t\t\t\t\t\r\n\t\t\t\t\t\t\t\t\t\t\t\thttp://chromereleases.googleblog.com/2022/03/stable-channel-update-for-desktop.html', '\r\n\t\t\t\t\t\t\t\t\t\t\t\r\n\t\t\t\t\t\t\t\t\t\t']",https://www.cnvd.org.cn/patchInfo/show/351371,(暂无验证信息),2022/3/4,2022/9/19,2022/9/19,(无附件)
Google Chrome Views代码执行漏洞,CNVD-2022-63922,2022/9/19,"['\r\n\t\t\t\t\t\t\t\t\t\t\r\n\t\t\t\t\t\t\t\t\t\t\t \r\n\t\t\t\t\t\t\t\t\t\t\t \t\r\n\t\t\t\t\t\t\t\t\t\t\t\t\t', '\r\n\t\t\t\t\t\t\t\t\t\t\t\t\r\n\t\t\t\t\t\t\t\t\t\t\t\t中\r\n\t\t\t\t\t\t\t\t\t\t\t\t\r\n\t\t\t\t\t\t\t\t\t\t\t\t\r\n\t\t\t\t\t\t\t\t\t\t\t\t\t(', ')\r\n\t\t\t\t\t\t\t\t\t\t\t\t\r\n\t\t\t\t\t\t\t\t\t\t\t \r\n\t\t\t\t\t\t\t\t\t\t']",Google Chrome <99.0.4844.51,http://cve.mitre.org/cgi-bin/cvename.cgi?name=CVE-2022-0793,Google Chrome是美国谷歌（Google）公司的一款Web浏览器。Google Chrome Views存在代码执行漏洞，该漏洞源于程序负责释放内存的指令发生混乱，攻击者可利用该漏洞在系统上执行任意代码或造成拒绝服务情况。,通用型漏洞,,"['\r\n\t\t\t\t\t\t\t\t\t\t\t\r\n\t\t\t\t\t\t\t\t\t\t\t\r\n\t\t\t\t\t\t\t\t\t\t\t\t厂商已发布了漏洞修复程序，请及时关注更新：\r', '\r\n\t\t\t\t\t\t\t\t\t\t\t\r\n\t\t\t\t\t\t\t\t\t\t\t\thttp://chromereleases.googleblog.com/2022/03/stable-channel-update-for-desktop.html', '\r\n\t\t\t\t\t\t\t\t\t\t\t\r\n\t\t\t\t\t\t\t\t\t\t']",https://www.cnvd.org.cn/patchInfo/show/351366,(暂无验证信息),2022/3/4,2022/9/19,2022/9/19,(无附件)
Google Chrome OS Shell内存错误引用漏洞,CNVD-2022-63923,2022/9/19,"['\r\n\t\t\t\t\t\t\t\t\t\t\r\n\t\t\t\t\t\t\t\t\t\t\t \r\n\t\t\t\t\t\t\t\t\t\t\t \t\r\n\t\t\t\t\t\t\t\t\t\t\t\t\t', '\r\n\t\t\t\t\t\t\t\t\t\t\t\t\r\n\t\t\t\t\t\t\t\t\t\t\t\t中\r\n\t\t\t\t\t\t\t\t\t\t\t\t\r\n\t\t\t\t\t\t\t\t\t\t\t\t\r\n\t\t\t\t\t\t\t\t\t\t\t\t\t(', ')\r\n\t\t\t\t\t\t\t\t\t\t\t\t\r\n\t\t\t\t\t\t\t\t\t\t\t \r\n\t\t\t\t\t\t\t\t\t\t']",Google Chrome <99.0.4844.51,http://cve.mitre.org/cgi-bin/cvename.cgi?name=CVE-2022-0808,Google Chrome是美国谷歌（Google）公司的一款Web浏览器。Google Chrome OS Shell存在内存错误引用漏洞，攻击者可利用此漏洞在系统上执行任意代码或造成拒绝服务情况。,通用型漏洞,,"['\r\n\t\t\t\t\t\t\t\t\t\t\t\r\n\t\t\t\t\t\t\t\t\t\t\t\r\n\t\t\t\t\t\t\t\t\t\t\t\t厂商已发布了漏洞修复程序，请及时关注更新：\r', '\r\n\t\t\t\t\t\t\t\t\t\t\t\r\n\t\t\t\t\t\t\t\t\t\t\t\thttp://chromereleases.googleblog.com/2022/03/stable-channel-update-for-desktop.html', '\r\n\t\t\t\t\t\t\t\t\t\t\t\r\n\t\t\t\t\t\t\t\t\t\t']",https://www.cnvd.org.cn/patchInfo/show/351361,(暂无验证信息),2022/3/4,2022/9/19,2022/9/19,(无附件)
Google Chrome Omnibox代码执行漏洞,CNVD-2022-63924,2022/9/19,"['\r\n\t\t\t\t\t\t\t\t\t\t\r\n\t\t\t\t\t\t\t\t\t\t\t \r\n\t\t\t\t\t\t\t\t\t\t\t \t\r\n\t\t\t\t\t\t\t\t\t\t\t\t\t', '\r\n\t\t\t\t\t\t\t\t\t\t\t\t\r\n\t\t\t\t\t\t\t\t\t\t\t\t中\r\n\t\t\t\t\t\t\t\t\t\t\t\t\r\n\t\t\t\t\t\t\t\t\t\t\t\t\r\n\t\t\t\t\t\t\t\t\t\t\t\t\t(', ')\r\n\t\t\t\t\t\t\t\t\t\t\t\t\r\n\t\t\t\t\t\t\t\t\t\t\t \r\n\t\t\t\t\t\t\t\t\t\t']",Google Chrome <99.0.4844.51,http://cve.mitre.org/cgi-bin/cvename.cgi?name=CVE-2022-0791,Google Chrome是美国谷歌（Google）公司的一款Web浏览器。Google Chrome Omnibox存在代码执行漏洞，该漏洞源于程序负责释放内存的指令发生混乱，攻击者可利用该漏洞在系统上执行任意代码或造成拒绝服务情况。,通用型漏洞,,"['\r\n\t\t\t\t\t\t\t\t\t\t\t\r\n\t\t\t\t\t\t\t\t\t\t\t\r\n\t\t\t\t\t\t\t\t\t\t\t\t厂商已发布了漏洞修复程序，请及时关注更新：\r', '\r\n\t\t\t\t\t\t\t\t\t\t\t\r\n\t\t\t\t\t\t\t\t\t\t\t\thttp://chromereleases.googleblog.com/2022/03/stable-channel-update-for-desktop.html', '\r\n\t\t\t\t\t\t\t\t\t\t\t\r\n\t\t\t\t\t\t\t\t\t\t']",https://www.cnvd.org.cn/patchInfo/show/351356,(暂无验证信息),2022/3/4,2022/9/19,2022/9/19,(无附件)
Google Chrome Mojo代码执行漏洞（CNVD-2022-63925）,CNVD-2022-63925,2022/9/19,"['\r\n\t\t\t\t\t\t\t\t\t\t\r\n\t\t\t\t\t\t\t\t\t\t\t \r\n\t\t\t\t\t\t\t\t\t\t\t \t\r\n\t\t\t\t\t\t\t\t\t\t\t\t\t', '\r\n\t\t\t\t\t\t\t\t\t\t\t\t\r\n\t\t\t\t\t\t\t\t\t\t\t\t中\r\n\t\t\t\t\t\t\t\t\t\t\t\t\r\n\t\t\t\t\t\t\t\t\t\t\t\t\r\n\t\t\t\t\t\t\t\t\t\t\t\t\t(', ')\r\n\t\t\t\t\t\t\t\t\t\t\t\t\r\n\t\t\t\t\t\t\t\t\t\t\t \r\n\t\t\t\t\t\t\t\t\t\t']",Google Chrome <99.0.4844.51,http://cve.mitre.org/cgi-bin/cvename.cgi?name=CVE-2022-0797,Google Chrome是美国谷歌（Google）公司的一款Web浏览器。Google Chrome Mojo存在代码执行漏洞，攻击者可利用该漏洞在系统上执行任意代码或造成拒绝服务情况。,通用型漏洞,,"['\r\n\t\t\t\t\t\t\t\t\t\t\t\r\n\t\t\t\t\t\t\t\t\t\t\t\r\n\t\t\t\t\t\t\t\t\t\t\t\t厂商已发布了漏洞修复程序，请及时关注更新：\r', '\r\n\t\t\t\t\t\t\t\t\t\t\t\r\n\t\t\t\t\t\t\t\t\t\t\t\thttp://chromereleases.googleblog.com/2022/03/stable-channel-update-for-desktop.html', '\r\n\t\t\t\t\t\t\t\t\t\t\t\r\n\t\t\t\t\t\t\t\t\t\t']",https://www.cnvd.org.cn/patchInfo/show/351351,(暂无验证信息),2022/3/4,2022/9/19,2022/9/19,(无附件)
Google Chrome Media内存错误引用漏洞（CNVD-2022-63926）,CNVD-2022-63926,2022/9/19,"['\r\n\t\t\t\t\t\t\t\t\t\t\r\n\t\t\t\t\t\t\t\t\t\t\t \r\n\t\t\t\t\t\t\t\t\t\t\t \t\r\n\t\t\t\t\t\t\t\t\t\t\t\t\t', '\r\n\t\t\t\t\t\t\t\t\t\t\t\t\r\n\t\t\t\t\t\t\t\t\t\t\t\t中\r\n\t\t\t\t\t\t\t\t\t\t\t\t\r\n\t\t\t\t\t\t\t\t\t\t\t\t\r\n\t\t\t\t\t\t\t\t\t\t\t\t\t(', ')\r\n\t\t\t\t\t\t\t\t\t\t\t\t\r\n\t\t\t\t\t\t\t\t\t\t\t \r\n\t\t\t\t\t\t\t\t\t\t']",Google Chrome <99.0.4844.51,http://cve.mitre.org/cgi-bin/cvename.cgi?name=CVE-2022-0796,Google Chrome是美国谷歌（Google）公司的一款Web浏览器。Google Chrome Media存在内存错误引用漏洞，该漏洞源于程序负责释放内存的指令发生混乱，攻击者可利用该漏洞在系统上执行任意代码或造成拒绝服务情况。,通用型漏洞,,"['\r\n\t\t\t\t\t\t\t\t\t\t\t\r\n\t\t\t\t\t\t\t\t\t\t\t\r\n\t\t\t\t\t\t\t\t\t\t\t\t厂商已发布了漏洞修复程序，请及时关注更新：\r', '\r\n\t\t\t\t\t\t\t\t\t\t\t\r\n\t\t\t\t\t\t\t\t\t\t\t\thttp://chromereleases.googleblog.com/2022/03/stable-channel-update-for-desktop.html', '\r\n\t\t\t\t\t\t\t\t\t\t\t\r\n\t\t\t\t\t\t\t\t\t\t']",https://www.cnvd.org.cn/patchInfo/show/351346,(暂无验证信息),2022/3/4,2022/9/19,2022/9/19,(无附件)
Google Chrome MediaStream内存错误引用漏洞,CNVD-2022-63927,2022/9/19,"['\r\n\t\t\t\t\t\t\t\t\t\t\r\n\t\t\t\t\t\t\t\t\t\t\t \r\n\t\t\t\t\t\t\t\t\t\t\t \t\r\n\t\t\t\t\t\t\t\t\t\t\t\t\t', '\r\n\t\t\t\t\t\t\t\t\t\t\t\t\r\n\t\t\t\t\t\t\t\t\t\t\t\t中\r\n\t\t\t\t\t\t\t\t\t\t\t\t\r\n\t\t\t\t\t\t\t\t\t\t\t\t\r\n\t\t\t\t\t\t\t\t\t\t\t\t\t(', ')\r\n\t\t\t\t\t\t\t\t\t\t\t\t\r\n\t\t\t\t\t\t\t\t\t\t\t \r\n\t\t\t\t\t\t\t\t\t\t']",Google Chrome <99.0.4844.51,http://cve.mitre.org/cgi-bin/cvename.cgi?name=CVE-2022-0798,Google Chrome是美国谷歌（Google）公司的一款Web浏览器。Google Chrome MediaStream存在内存错误引用漏洞，该漏洞源于程序负责释放内存的指令发生混乱，攻击者可利用此漏洞在系统上执行任意代码或造成拒绝服务情况。,通用型漏洞,,"['\r\n\t\t\t\t\t\t\t\t\t\t\t\r\n\t\t\t\t\t\t\t\t\t\t\t\r\n\t\t\t\t\t\t\t\t\t\t\t\t厂商已发布了漏洞修复程序，请及时关注更新：\r', '\r\n\t\t\t\t\t\t\t\t\t\t\t\r\n\t\t\t\t\t\t\t\t\t\t\t\thttp://chromereleases.googleblog.com/2022/03/stable-channel-update-for-desktop.html', '\r\n\t\t\t\t\t\t\t\t\t\t\t\r\n\t\t\t\t\t\t\t\t\t\t']",https://www.cnvd.org.cn/patchInfo/show/351341,(暂无验证信息),2022/3/4,2022/9/19,2022/9/19,(无附件)
Google Chrome Cast UI内存错误引用漏洞,CNVD-2022-63928,2022/9/19,"['\r\n\t\t\t\t\t\t\t\t\t\t\r\n\t\t\t\t\t\t\t\t\t\t\t \r\n\t\t\t\t\t\t\t\t\t\t\t \t\r\n\t\t\t\t\t\t\t\t\t\t\t\t\t', '\r\n\t\t\t\t\t\t\t\t\t\t\t\t\r\n\t\t\t\t\t\t\t\t\t\t\t\t中\r\n\t\t\t\t\t\t\t\t\t\t\t\t\r\n\t\t\t\t\t\t\t\t\t\t\t\t\r\n\t\t\t\t\t\t\t\t\t\t\t\t\t(', ')\r\n\t\t\t\t\t\t\t\t\t\t\t\t\r\n\t\t\t\t\t\t\t\t\t\t\t \r\n\t\t\t\t\t\t\t\t\t\t']",Google Chrome <99.0.4844.51,http://cve.mitre.org/cgi-bin/cvename.cgi?name=CVE-2022-0790,Google Chrome是美国谷歌（Google）公司的一款Web浏览器。Google Chrome Cast UI存在内存错误引用漏洞，该漏洞源于程序负责释放内存的指令发生混乱，攻击者可利用此漏洞导致程序崩溃，任意代码执行。,通用型漏洞,,"['\r\n\t\t\t\t\t\t\t\t\t\t\t\r\n\t\t\t\t\t\t\t\t\t\t\t\r\n\t\t\t\t\t\t\t\t\t\t\t\t厂商已发布了漏洞修复程序，请及时关注更新：\r', '\r\n\t\t\t\t\t\t\t\t\t\t\t\r\n\t\t\t\t\t\t\t\t\t\t\t\thttp://chromereleases.googleblog.com/2022/03/stable-channel-update-for-desktop.html', '\r\n\t\t\t\t\t\t\t\t\t\t\t\r\n\t\t\t\t\t\t\t\t\t\t']",https://www.cnvd.org.cn/patchInfo/show/351336,(暂无验证信息),2022/3/4,2022/9/19,2022/9/19,(无附件)
Google Chrome Cast UI堆缓冲区溢出漏洞,CNVD-2022-63929,2022/9/19,"['\r\n\t\t\t\t\t\t\t\t\t\t\r\n\t\t\t\t\t\t\t\t\t\t\t \r\n\t\t\t\t\t\t\t\t\t\t\t \t\r\n\t\t\t\t\t\t\t\t\t\t\t\t\t', '\r\n\t\t\t\t\t\t\t\t\t\t\t\t\r\n\t\t\t\t\t\t\t\t\t\t\t\t中\r\n\t\t\t\t\t\t\t\t\t\t\t\t\r\n\t\t\t\t\t\t\t\t\t\t\t\t\r\n\t\t\t\t\t\t\t\t\t\t\t\t\t(', ')\r\n\t\t\t\t\t\t\t\t\t\t\t\t\r\n\t\t\t\t\t\t\t\t\t\t\t \r\n\t\t\t\t\t\t\t\t\t\t']",Google Chrome <99.0.4844.51,http://cve.mitre.org/cgi-bin/cvename.cgi?name=CVE-2022-0800,Google Chrome是美国谷歌（Google）公司的一款Web浏览器。Google Chrome Cast UI存在堆缓冲区溢出漏洞，攻击者可利用该漏洞导致任意代码执行。,通用型漏洞,,"['\r\n\t\t\t\t\t\t\t\t\t\t\t\r\n\t\t\t\t\t\t\t\t\t\t\t\r\n\t\t\t\t\t\t\t\t\t\t\t\t厂商已发布了漏洞修复程序，请及时关注更新：\r', '\r\n\t\t\t\t\t\t\t\t\t\t\t\r\n\t\t\t\t\t\t\t\t\t\t\t\thttp://chromereleases.googleblog.com/2022/03/stable-channel-update-for-desktop.html', '\r\n\t\t\t\t\t\t\t\t\t\t\t\r\n\t\t\t\t\t\t\t\t\t\t']",https://www.cnvd.org.cn/patchInfo/show/351331,(暂无验证信息),2022/3/4,2022/9/19,2022/9/19,(无附件)
Google Chrome Browser Switcher内存错误引用漏洞,CNVD-2022-63930,2022/9/19,"['\r\n\t\t\t\t\t\t\t\t\t\t\r\n\t\t\t\t\t\t\t\t\t\t\t \r\n\t\t\t\t\t\t\t\t\t\t\t \t\r\n\t\t\t\t\t\t\t\t\t\t\t\t\t', '\r\n\t\t\t\t\t\t\t\t\t\t\t\t\r\n\t\t\t\t\t\t\t\t\t\t\t\t中\r\n\t\t\t\t\t\t\t\t\t\t\t\t\r\n\t\t\t\t\t\t\t\t\t\t\t\t\r\n\t\t\t\t\t\t\t\t\t\t\t\t\t(', ')\r\n\t\t\t\t\t\t\t\t\t\t\t\t\r\n\t\t\t\t\t\t\t\t\t\t\t \r\n\t\t\t\t\t\t\t\t\t\t']",Google Chrome <99.0.4844.51,http://cve.mitre.org/cgi-bin/cvename.cgi?name=CVE-2022-0805,Google Chrome是美国谷歌（Google）公司的一款Web浏览器。Google Chrome Browser Switcher存在内存错误引用漏洞，该漏洞源于程序负责释放内存的指令发生混乱，攻击者可利用该漏洞导致程序崩溃，任意代码执行。,通用型漏洞,,"['\r\n\t\t\t\t\t\t\t\t\t\t\t\r\n\t\t\t\t\t\t\t\t\t\t\t\r\n\t\t\t\t\t\t\t\t\t\t\t\t厂商已发布了漏洞修复程序，请及时关注更新：\r', '\r\n\t\t\t\t\t\t\t\t\t\t\t\r\n\t\t\t\t\t\t\t\t\t\t\t\thttp://chromereleases.googleblog.com/2022/03/stable-channel-update-for-desktop.html', '\r\n\t\t\t\t\t\t\t\t\t\t\t\r\n\t\t\t\t\t\t\t\t\t\t']",https://www.cnvd.org.cn/patchInfo/show/351326,(暂无验证信息),2022/3/4,2022/9/19,2022/9/19,(无附件)
Google Chrome ANGLE缓冲区溢出漏洞,CNVD-2022-63931,2022/9/19,"['\r\n\t\t\t\t\t\t\t\t\t\t\r\n\t\t\t\t\t\t\t\t\t\t\t \r\n\t\t\t\t\t\t\t\t\t\t\t \t\r\n\t\t\t\t\t\t\t\t\t\t\t\t\t', '\r\n\t\t\t\t\t\t\t\t\t\t\t\t\r\n\t\t\t\t\t\t\t\t\t\t\t\t中\r\n\t\t\t\t\t\t\t\t\t\t\t\t\r\n\t\t\t\t\t\t\t\t\t\t\t\t\r\n\t\t\t\t\t\t\t\t\t\t\t\t\t(', ')\r\n\t\t\t\t\t\t\t\t\t\t\t\t\r\n\t\t\t\t\t\t\t\t\t\t\t \r\n\t\t\t\t\t\t\t\t\t\t']",Google Chrome <99.0.4844.51,http://cve.mitre.org/cgi-bin/cvename.cgi?name=CVE-2022-0789,Google Chrome是美国谷歌（Google）公司的一款Web浏览器。Google Chrome ANGLE存在缓冲区溢出漏洞，攻击者可利用该漏洞导致任意代码执行。,通用型漏洞,,"['\r\n\t\t\t\t\t\t\t\t\t\t\t\r\n\t\t\t\t\t\t\t\t\t\t\t\r\n\t\t\t\t\t\t\t\t\t\t\t\t厂商已发布了漏洞修复程序，请及时关注更新：\r', '\r\n\t\t\t\t\t\t\t\t\t\t\t\r\n\t\t\t\t\t\t\t\t\t\t\t\thttp://chromereleases.googleblog.com/2022/03/stable-channel-update-for-desktop.html', '\r\n\t\t\t\t\t\t\t\t\t\t\t\r\n\t\t\t\t\t\t\t\t\t\t']",https://www.cnvd.org.cn/patchInfo/show/351321,(暂无验证信息),2022/3/4,2022/9/19,2022/9/19,(无附件)
Samsung SMR UWB固件缓冲区溢出漏洞,CNVD-2022-63644,2022/9/16,"['\r\n\t\t\t\t\t\t\t\t\t\t\r\n\t\t\t\t\t\t\t\t\t\t\t \r\n\t\t\t\t\t\t\t\t\t\t\t \t\r\n\t\t\t\t\t\t\t\t\t\t\t\t', '\r\n\t\t\t\t\t\t\t\t\t\t\t\t\r\n\t\t\t\t\t\t\t\t\t\t\t\t高\r\n\t\t\t\t\t\t\t\t\t\t\t\t\r\n\t\t\t\t\t\t\t\t\t\t\t\t\r\n\t\t\t\t\t\t\t\t\t\t\t\t\t(', ')\r\n\t\t\t\t\t\t\t\t\t\t\t\t\r\n\t\t\t\t\t\t\t\t\t\t\t \r\n\t\t\t\t\t\t\t\t\t\t']",Samsung SMR <Apr-2022 Release 1,http://cve.mitre.org/cgi-bin/cvename.cgi?name=CVE-2022-27835,Samsung SMR是韩国三星（Samsung）公司的一个系统补丁包。提供了三星手机应用的补丁程序。Samsung SMR Apr-2022 Release 1之前版本存在缓冲区溢出漏洞，该漏洞源于UWB固件中存在不正确的边界检查。攻击者可利用该漏洞写入任意内存。,通用型漏洞,,"['\r\n\t\t\t\t\t\t\t\t\t\t\t\r\n\t\t\t\t\t\t\t\t\t\t\t\r\n\t\t\t\t\t\t\t\t\t\t\t\t厂商已发布了漏洞修复程序，请及时关注更新：\r', '\r\n\t\t\t\t\t\t\t\t\t\t\t\r\n\t\t\t\t\t\t\t\t\t\t\t\thttps://security.samsungmobile.com/securityUpdate.smsb?year=2022&month=4', '\r\n\t\t\t\t\t\t\t\t\t\t\t\r\n\t\t\t\t\t\t\t\t\t\t']",https://www.cnvd.org.cn/patchInfo/show/351066,(暂无验证信息),2022/4/13,2022/9/16,2022/9/16,(无附件)
Samsung SMR访问控制错误漏洞（CNVD-2022-63645）,CNVD-2022-63645,2022/9/16,"['\r\n\t\t\t\t\t\t\t\t\t\t\r\n\t\t\t\t\t\t\t\t\t\t\t \r\n\t\t\t\t\t\t\t\t\t\t\t \t\r\n\t\t\t\t\t\t\t\t\t\t\t\t', '\r\n\t\t\t\t\t\t\t\t\t\t\t\t\r\n\t\t\t\t\t\t\t\t\t\t\t\t高\r\n\t\t\t\t\t\t\t\t\t\t\t\t\r\n\t\t\t\t\t\t\t\t\t\t\t\t\r\n\t\t\t\t\t\t\t\t\t\t\t\t\t(', ')\r\n\t\t\t\t\t\t\t\t\t\t\t\t\r\n\t\t\t\t\t\t\t\t\t\t\t \r\n\t\t\t\t\t\t\t\t\t\t']",Samsung SMR <Apr-2022 Release 1,http://cve.mitre.org/cgi-bin/cvename.cgi?name=CVE-2022-27836,Samsung SMR是韩国三星（Samsung）公司的一个系统补丁包。提供了三星手机应用的补丁程序。Samsung SMR存在访问控制错误漏洞，该漏洞源于StroageManager和StroageManagerService中存在不正确的访问控制和路径遍历。本地攻击者可利用该漏洞在没有适当权限的情况下访问任意系统文件。,通用型漏洞,,"['\r\n\t\t\t\t\t\t\t\t\t\t\t\r\n\t\t\t\t\t\t\t\t\t\t\t\r\n\t\t\t\t\t\t\t\t\t\t\t\t厂商已发布了漏洞修复程序，请及时关注更新：\r', '\r\n\t\t\t\t\t\t\t\t\t\t\t\r\n\t\t\t\t\t\t\t\t\t\t\t\thttps://security.samsungmobile.com/securityUpdate.smsb?year=2022&month=4', '\r\n\t\t\t\t\t\t\t\t\t\t\t\r\n\t\t\t\t\t\t\t\t\t\t']",https://www.cnvd.org.cn/patchInfo/show/351061,(暂无验证信息),2022/4/13,2022/9/16,2022/9/16,(无附件)
Samsung SMR缓冲区溢出漏洞（CNVD-2022-63646）,CNVD-2022-63646,2022/9/16,"['\r\n\t\t\t\t\t\t\t\t\t\t\r\n\t\t\t\t\t\t\t\t\t\t\t \r\n\t\t\t\t\t\t\t\t\t\t\t \t\r\n\t\t\t\t\t\t\t\t\t\t\t\t', '\r\n\t\t\t\t\t\t\t\t\t\t\t\t\r\n\t\t\t\t\t\t\t\t\t\t\t\t低\r\n\t\t\t\t\t\t\t\t\t\t\t\t\r\n\t\t\t\t\t\t\t\t\t\t\t\t\r\n\t\t\t\t\t\t\t\t\t\t\t\t\t(', ')\r\n\t\t\t\t\t\t\t\t\t\t\t\t\r\n\t\t\t\t\t\t\t\t\t\t\t \r\n\t\t\t\t\t\t\t\t\t\t']",Samsung SMR <Apr-2022 Release 1,http://cve.mitre.org/cgi-bin/cvename.cgi?name=CVE-2022-27831,Samsung SMR是韩国三星（Samsung）公司的一个系统补丁包。提供了三星手机应用的补丁程序。Samsung SMR Apr-2022 Release 1之前版本存在缓冲区溢出漏洞，该漏洞源于libsflvextractor的sflvd_rdbuf_bits函数中存在不正确的边界检查。攻击者可利用该漏洞读取越界内存。,通用型漏洞,,"['\r\n\t\t\t\t\t\t\t\t\t\t\t\r\n\t\t\t\t\t\t\t\t\t\t\t\r\n\t\t\t\t\t\t\t\t\t\t\t\t厂商已发布了漏洞修复程序，请及时关注更新：\r', '\r\n\t\t\t\t\t\t\t\t\t\t\t\r\n\t\t\t\t\t\t\t\t\t\t\t\thttps://security.samsungmobile.com/securityUpdate.smsb?year=2022&month=4', '\r\n\t\t\t\t\t\t\t\t\t\t\t\r\n\t\t\t\t\t\t\t\t\t\t']",https://www.cnvd.org.cn/patchInfo/show/351056,(暂无验证信息),2022/4/13,2022/9/16,2022/9/16,(无附件)
Samsung SMR输入验证错误漏洞（CNVD-2022-63647）,CNVD-2022-63647,2022/9/16,"['\r\n\t\t\t\t\t\t\t\t\t\t\r\n\t\t\t\t\t\t\t\t\t\t\t \r\n\t\t\t\t\t\t\t\t\t\t\t \t\r\n\t\t\t\t\t\t\t\t\t\t\t\t', '\r\n\t\t\t\t\t\t\t\t\t\t\t\t\r\n\t\t\t\t\t\t\t\t\t\t\t\t高\r\n\t\t\t\t\t\t\t\t\t\t\t\t\r\n\t\t\t\t\t\t\t\t\t\t\t\t\r\n\t\t\t\t\t\t\t\t\t\t\t\t\t(', ')\r\n\t\t\t\t\t\t\t\t\t\t\t\t\r\n\t\t\t\t\t\t\t\t\t\t\t \r\n\t\t\t\t\t\t\t\t\t\t']",Samsung SMR <Apr-2022 Release 1,http://cve.mitre.org/cgi-bin/cvename.cgi?name=CVE-2022-27826,Samsung SMR是韩国三星（Samsung）公司的一个系统补丁包。提供了三星手机应用的补丁程序。Samsung SMR存在输入验证错误漏洞，攻击者可利用该漏洞启动某些活动。,通用型漏洞,,"['\r\n\t\t\t\t\t\t\t\t\t\t\t\r\n\t\t\t\t\t\t\t\t\t\t\t\r\n\t\t\t\t\t\t\t\t\t\t\t\t厂商已发布了漏洞修复程序，请及时关注更新：\r', '\r\n\t\t\t\t\t\t\t\t\t\t\t\r\n\t\t\t\t\t\t\t\t\t\t\t\thttps://security.samsungmobile.com/securityUpdate.smsb?year=2022&month=4', '\r\n\t\t\t\t\t\t\t\t\t\t\t\r\n\t\t\t\t\t\t\t\t\t\t']",https://www.cnvd.org.cn/patchInfo/show/351051,(暂无验证信息),2022/4/13,2022/9/16,2022/9/16,(无附件)
Samsung SMR访问控制错误漏洞（CNVD-2022-63648）,CNVD-2022-63648,2022/9/16,"['\r\n\t\t\t\t\t\t\t\t\t\t\r\n\t\t\t\t\t\t\t\t\t\t\t \r\n\t\t\t\t\t\t\t\t\t\t\t \t\r\n\t\t\t\t\t\t\t\t\t\t\t\t', '\r\n\t\t\t\t\t\t\t\t\t\t\t\t\r\n\t\t\t\t\t\t\t\t\t\t\t\t低\r\n\t\t\t\t\t\t\t\t\t\t\t\t\r\n\t\t\t\t\t\t\t\t\t\t\t\t\r\n\t\t\t\t\t\t\t\t\t\t\t\t\t(', ')\r\n\t\t\t\t\t\t\t\t\t\t\t\t\r\n\t\t\t\t\t\t\t\t\t\t\t \r\n\t\t\t\t\t\t\t\t\t\t']",Samsung SMR <Apr-2022 Release 1,http://cve.mitre.org/cgi-bin/cvename.cgi?name=CVE-2022-26090,Samsung SMR是韩国三星（Samsung）公司的一个系统补丁包。提供了三星手机应用的补丁程序。Samsung SMR存在访问控制错误漏洞，攻击者可利用此漏洞在未经许可的情况下访问联系人信息。,通用型漏洞,,"['\r\n\t\t\t\t\t\t\t\t\t\t\t\r\n\t\t\t\t\t\t\t\t\t\t\t\r\n\t\t\t\t\t\t\t\t\t\t\t\t厂商已发布了漏洞修复程序，请及时关注更新：\r', '\r\n\t\t\t\t\t\t\t\t\t\t\t\r\n\t\t\t\t\t\t\t\t\t\t\t\thttps://security.samsungmobile.com/securityUpdate.smsb?year=2022&month=4', '\r\n\t\t\t\t\t\t\t\t\t\t\t\r\n\t\t\t\t\t\t\t\t\t\t']",https://www.cnvd.org.cn/patchInfo/show/351046,(暂无验证信息),2022/4/13,2022/9/16,2022/9/16,(无附件)
Samsung SMR授权问题漏洞（CNVD-2022-63649）,CNVD-2022-63649,2022/9/16,"['\r\n\t\t\t\t\t\t\t\t\t\t\r\n\t\t\t\t\t\t\t\t\t\t\t \r\n\t\t\t\t\t\t\t\t\t\t\t \t\r\n\t\t\t\t\t\t\t\t\t\t\t\t\t', '\r\n\t\t\t\t\t\t\t\t\t\t\t\t\r\n\t\t\t\t\t\t\t\t\t\t\t\t中\r\n\t\t\t\t\t\t\t\t\t\t\t\t\r\n\t\t\t\t\t\t\t\t\t\t\t\t\r\n\t\t\t\t\t\t\t\t\t\t\t\t\t(', ')\r\n\t\t\t\t\t\t\t\t\t\t\t\t\r\n\t\t\t\t\t\t\t\t\t\t\t \r\n\t\t\t\t\t\t\t\t\t\t']",Samsung SMR <Apr-2022 Release 1,http://cve.mitre.org/cgi-bin/cvename.cgi?name=CVE-2022-25832,Samsung SMR是韩国三星（Samsung）公司的一个系统补丁包。提供了三星手机应用的补丁程序。Samsung SMR存在安全漏洞，攻击者可利用此漏洞在未经身份验证的情况下使用锁定的Myfiles应用程序。,通用型漏洞,,"['\r\n\t\t\t\t\t\t\t\t\t\t\t\r\n\t\t\t\t\t\t\t\t\t\t\t\r\n\t\t\t\t\t\t\t\t\t\t\t\t厂商已发布了漏洞修复程序，请及时关注更新：\r', '\r\n\t\t\t\t\t\t\t\t\t\t\t\r\n\t\t\t\t\t\t\t\t\t\t\t\thttps://security.samsungmobile.com/securityUpdate.smsb?year=2022&month=4', '\r\n\t\t\t\t\t\t\t\t\t\t\t\r\n\t\t\t\t\t\t\t\t\t\t']",https://www.cnvd.org.cn/patchInfo/show/351041,(暂无验证信息),2022/4/13,2022/9/16,2022/9/16,(无附件)
Samsung SMR访问控制错误漏洞（CNVD-2022-63650）,CNVD-2022-63650,2022/9/16,"['\r\n\t\t\t\t\t\t\t\t\t\t\r\n\t\t\t\t\t\t\t\t\t\t\t \r\n\t\t\t\t\t\t\t\t\t\t\t \t\r\n\t\t\t\t\t\t\t\t\t\t\t\t', '\r\n\t\t\t\t\t\t\t\t\t\t\t\t\r\n\t\t\t\t\t\t\t\t\t\t\t\t低\r\n\t\t\t\t\t\t\t\t\t\t\t\t\r\n\t\t\t\t\t\t\t\t\t\t\t\t\r\n\t\t\t\t\t\t\t\t\t\t\t\t\t(', ')\r\n\t\t\t\t\t\t\t\t\t\t\t\t\r\n\t\t\t\t\t\t\t\t\t\t\t \r\n\t\t\t\t\t\t\t\t\t\t']",Samsung SMR <Apr-2022 Release 1,http://cve.mitre.org/cgi-bin/cvename.cgi?name=CVE-2022-25831,Samsung SMR是韩国三星（Samsung）公司的一个系统补丁包。提供了三星手机应用的补丁程序。Samsung SMR存在访问控制错误漏洞，攻击者可利用此漏洞在某些条件下访问受保护的数据。,通用型漏洞,,"['\r\n\t\t\t\t\t\t\t\t\t\t\t\r\n\t\t\t\t\t\t\t\t\t\t\t\r\n\t\t\t\t\t\t\t\t\t\t\t\t厂商已发布了漏洞修复程序，请及时关注更新：\r', '\r\n\t\t\t\t\t\t\t\t\t\t\t\r\n\t\t\t\t\t\t\t\t\t\t\t\thttps://security.samsungmobile.com/securityUpdate.smsb?year=2022&month=4', '\r\n\t\t\t\t\t\t\t\t\t\t\t\r\n\t\t\t\t\t\t\t\t\t\t']",https://www.cnvd.org.cn/patchInfo/show/351036,(暂无验证信息),2022/4/13,2022/9/16,2022/9/16,(无附件)
Samsung SMR缓冲区溢出漏洞（CNVD-2022-63651）,CNVD-2022-63651,2022/9/16,"['\r\n\t\t\t\t\t\t\t\t\t\t\r\n\t\t\t\t\t\t\t\t\t\t\t \r\n\t\t\t\t\t\t\t\t\t\t\t \t\r\n\t\t\t\t\t\t\t\t\t\t\t\t\t', '\r\n\t\t\t\t\t\t\t\t\t\t\t\t\r\n\t\t\t\t\t\t\t\t\t\t\t\t中\r\n\t\t\t\t\t\t\t\t\t\t\t\t\r\n\t\t\t\t\t\t\t\t\t\t\t\t\r\n\t\t\t\t\t\t\t\t\t\t\t\t\t(', ')\r\n\t\t\t\t\t\t\t\t\t\t\t\t\r\n\t\t\t\t\t\t\t\t\t\t\t \r\n\t\t\t\t\t\t\t\t\t\t']",Samsung SMR <Apr-2022 Release 1,http://cve.mitre.org/cgi-bin/cvename.cgi?name=CVE-2022-27821,Samsung SMR是韩国三星（Samsung）公司的一个系统补丁包。提供了三星手机应用的补丁程序。Samsung SMR Apr-2022 Release 1之前版本存在拒绝服务漏洞，该漏洞源于在 Quram Agif库中的不正确边界检查，攻击者可利用此漏洞通过精心制作的图像文件导致拒绝服务。,通用型漏洞,,"['\r\n\t\t\t\t\t\t\t\t\t\t\t\r\n\t\t\t\t\t\t\t\t\t\t\t\r\n\t\t\t\t\t\t\t\t\t\t\t\t厂商已发布了漏洞修复程序，请及时关注更新：\r', '\r\n\t\t\t\t\t\t\t\t\t\t\t\r\n\t\t\t\t\t\t\t\t\t\t\t\thttps://security.samsungmobile.com/securityUpdate.smsb?year=2022&month=4', '\r\n\t\t\t\t\t\t\t\t\t\t\t\r\n\t\t\t\t\t\t\t\t\t\t']",https://www.cnvd.org.cn/patchInfo/show/351031,(暂无验证信息),2022/4/13,2022/9/16,2022/9/16,(无附件)
Samsung SMR缓冲区溢出漏洞（CNVD-2022-63652）,CNVD-2022-63652,2022/9/16,"['\r\n\t\t\t\t\t\t\t\t\t\t\r\n\t\t\t\t\t\t\t\t\t\t\t \r\n\t\t\t\t\t\t\t\t\t\t\t \t\r\n\t\t\t\t\t\t\t\t\t\t\t\t', '\r\n\t\t\t\t\t\t\t\t\t\t\t\t\r\n\t\t\t\t\t\t\t\t\t\t\t\t高\r\n\t\t\t\t\t\t\t\t\t\t\t\t\r\n\t\t\t\t\t\t\t\t\t\t\t\t\r\n\t\t\t\t\t\t\t\t\t\t\t\t\t(', ')\r\n\t\t\t\t\t\t\t\t\t\t\t\t\r\n\t\t\t\t\t\t\t\t\t\t\t \r\n\t\t\t\t\t\t\t\t\t\t']",Samsung SMR <Apr-2022 Release 1,http://cve.mitre.org/cgi-bin/cvename.cgi?name=CVE-2022-26092,Samsung SMR是韩国三星（Samsung）公司的一个系统补丁包。提供了三星手机应用的补丁程序。Samsung SMR存在缓冲区溢出漏洞，该漏洞源于在Quram Agif库中存在不正确的边界检查，攻击者可利用此漏洞导致任意代码执行。,通用型漏洞,,"['\r\n\t\t\t\t\t\t\t\t\t\t\t\r\n\t\t\t\t\t\t\t\t\t\t\t\r\n\t\t\t\t\t\t\t\t\t\t\t\t厂商已发布了漏洞修复程序，请及时关注更新：\r', '\r\n\t\t\t\t\t\t\t\t\t\t\t\r\n\t\t\t\t\t\t\t\t\t\t\t\thttps://security.samsungmobile.com/securityUpdate.smsb?year=2022&month=4', '\r\n\t\t\t\t\t\t\t\t\t\t\t\r\n\t\t\t\t\t\t\t\t\t\t']",https://www.cnvd.org.cn/patchInfo/show/351026,(暂无验证信息),2022/4/13,2022/9/16,2022/9/16,(无附件)
Samsung SMR信息泄露漏洞（CNVD-2022-63653）,CNVD-2022-63653,2022/9/16,"['\r\n\t\t\t\t\t\t\t\t\t\t\r\n\t\t\t\t\t\t\t\t\t\t\t \r\n\t\t\t\t\t\t\t\t\t\t\t \t\r\n\t\t\t\t\t\t\t\t\t\t\t\t\t', '\r\n\t\t\t\t\t\t\t\t\t\t\t\t\r\n\t\t\t\t\t\t\t\t\t\t\t\t中\r\n\t\t\t\t\t\t\t\t\t\t\t\t\r\n\t\t\t\t\t\t\t\t\t\t\t\t\r\n\t\t\t\t\t\t\t\t\t\t\t\t\t(', ')\r\n\t\t\t\t\t\t\t\t\t\t\t\t\r\n\t\t\t\t\t\t\t\t\t\t\t \r\n\t\t\t\t\t\t\t\t\t\t']",Samsung SMR <Apr-2022 Release 1,http://cve.mitre.org/cgi-bin/cvename.cgi?name=CVE-2022-27575,Samsung SMR是韩国三星（Samsung）公司的一个系统补丁包。提供了三星手机应用的补丁程序。Samsung SMR存在信息泄露漏洞，攻击者可利用该漏洞未经许可访问当前启动的前台应用程序信息。,通用型漏洞,,"['\r\n\t\t\t\t\t\t\t\t\t\t\t\r\n\t\t\t\t\t\t\t\t\t\t\t\r\n\t\t\t\t\t\t\t\t\t\t\t\t厂商已发布了漏洞修复程序，请及时关注更新：\r', '\r\n\t\t\t\t\t\t\t\t\t\t\t\r\n\t\t\t\t\t\t\t\t\t\t\t\thttps://security.samsungmobile.com/securityUpdate.smsb?year=2022&month=4', '\r\n\t\t\t\t\t\t\t\t\t\t\t\r\n\t\t\t\t\t\t\t\t\t\t']",https://www.cnvd.org.cn/patchInfo/show/351021,(暂无验证信息),2022/4/13,2022/9/16,2022/9/16,(无附件)
Samsung SMR缓冲区溢出漏洞（CNVD-2022-63654）,CNVD-2022-63654,2022/9/16,"['\r\n\t\t\t\t\t\t\t\t\t\t\r\n\t\t\t\t\t\t\t\t\t\t\t \r\n\t\t\t\t\t\t\t\t\t\t\t \t\r\n\t\t\t\t\t\t\t\t\t\t\t\t', '\r\n\t\t\t\t\t\t\t\t\t\t\t\t\r\n\t\t\t\t\t\t\t\t\t\t\t\t低\r\n\t\t\t\t\t\t\t\t\t\t\t\t\r\n\t\t\t\t\t\t\t\t\t\t\t\t\r\n\t\t\t\t\t\t\t\t\t\t\t\t\t(', ')\r\n\t\t\t\t\t\t\t\t\t\t\t\t\r\n\t\t\t\t\t\t\t\t\t\t\t \r\n\t\t\t\t\t\t\t\t\t\t']",Samsung SMR <Apr-2022 Release 1,http://cve.mitre.org/cgi-bin/cvename.cgi?name=CVE-2022-27832,Samsung SMR是韩国三星（Samsung）公司的一个系统补丁包。提供了三星手机应用的补丁程序。Samsung SMR存在安全漏洞，该漏洞源于media.extractor库中存在不正确的边界检查。攻击者可利用该漏洞通过特制的媒体文件造成拒绝服务。,通用型漏洞,,"['\r\n\t\t\t\t\t\t\t\t\t\t\t\r\n\t\t\t\t\t\t\t\t\t\t\t\r\n\t\t\t\t\t\t\t\t\t\t\t\t厂商已发布了漏洞修复程序，请及时关注更新：\r', '\r\n\t\t\t\t\t\t\t\t\t\t\t\r\n\t\t\t\t\t\t\t\t\t\t\t\thttps://security.samsungmobile.com/securityUpdate.smsb?year=2022&month=4', '\r\n\t\t\t\t\t\t\t\t\t\t\t\r\n\t\t\t\t\t\t\t\t\t\t']",https://www.cnvd.org.cn/patchInfo/show/351016,(暂无验证信息),2022/4/13,2022/9/16,2022/9/16,(无附件)
Samsung SMR堆缓冲区溢出漏洞（CNVD-2022-63655）,CNVD-2022-63655,2022/9/16,"['\r\n\t\t\t\t\t\t\t\t\t\t\r\n\t\t\t\t\t\t\t\t\t\t\t \r\n\t\t\t\t\t\t\t\t\t\t\t \t\r\n\t\t\t\t\t\t\t\t\t\t\t\t', '\r\n\t\t\t\t\t\t\t\t\t\t\t\t\r\n\t\t\t\t\t\t\t\t\t\t\t\t高\r\n\t\t\t\t\t\t\t\t\t\t\t\t\r\n\t\t\t\t\t\t\t\t\t\t\t\t\r\n\t\t\t\t\t\t\t\t\t\t\t\t\t(', ')\r\n\t\t\t\t\t\t\t\t\t\t\t\t\r\n\t\t\t\t\t\t\t\t\t\t\t \r\n\t\t\t\t\t\t\t\t\t\t']",Samsung SMR <Apr-2022 Release 1,http://cve.mitre.org/cgi-bin/cvename.cgi?name=CVE-2022-27571,Samsung SMR是韩国三星（Samsung）公司的一个系统补丁包。提供了三星手机应用的补丁程序。Samsung SMR存在堆缓冲区溢出漏洞，攻击者可利用该漏洞执行代码。,通用型漏洞,,"['\r\n\t\t\t\t\t\t\t\t\t\t\t\r\n\t\t\t\t\t\t\t\t\t\t\t\r\n\t\t\t\t\t\t\t\t\t\t\t\t厂商已发布了漏洞修复程序，请及时关注更新：\r', '\r\n\t\t\t\t\t\t\t\t\t\t\t\r\n\t\t\t\t\t\t\t\t\t\t\t\thttps://security.samsungmobile.com/securityUpdate.smsb?year=2022&month=4', '\r\n\t\t\t\t\t\t\t\t\t\t\t\r\n\t\t\t\t\t\t\t\t\t\t']",https://www.cnvd.org.cn/patchInfo/show/351011,(暂无验证信息),2022/4/13,2022/9/16,2022/9/16,(无附件)
